999
dxfrw 0.6.3
  0
SECTION
  2
HEADER
  9
$ACADVER
  1
AC1009
  9
$DWGCODEPAGE
  3
ANSI_1252
  9
$INSBASE
 10
0
 20
0
 30
0
  9
$EXTMIN
 10
1e+20
 20
1e+20
 30
1e+20
  9
$EXTMAX
 10
-1e+20
 20
-1e+20
 30
-1e+20
  9
$LIMMIN
 10
0
 20
0
  9
$LIMMAX
 10
420
 20
297
  9
$ORTHOMODE
 70
    0
  9
$REGENMODE
 70
    1
  9
$FILLMODE
 70
    1
  9
$QTEXTMODE
 70
    0
  9
$MIRRTEXT
 70
    0
  9
$LTSCALE
 40
1
  9
$ATTMODE
 70
    0
  9
$TEXTSIZE
 40
2.5
  9
$TRACEWID
 40
15.68
  9
$TEXTSTYLE
  7
STANDARD
  9
$CLAYER
  8
1
  9
$CELTYPE
  6
BYLAYER
  9
$CECOLOR
 62
  256
  9
$DIMSCALE
 40
1
  9
$DIMASZ
 40
2.5
  9
$DIMEXO
 40
0.625
  9
$DIMDLI
 40
3.75
  9
$DIMRND
 40
0
  9
$DIMDLE
 40
0
  9
$DIMEXE
 40
1.25
  9
$DIMTP
 40
0
  9
$DIMTM
 40
0
  9
$DIMTXT
 40
2.5
  9
$DIMCEN
 40
2.5
  9
$DIMTSZ
 40
0
  9
$DIMTOL
 70
    0
  9
$DIMLIM
 70
    0
  9
$DIMTIH
 70
    0
  9
$DIMTOH
 70
    0
  9
$DIMSE1
 70
    0
  9
$DIMSE2
 70
    0
  9
$DIMTAD
 70
    1
  9
$DIMZIN
 70
    8
  9
$DIMBLK
  1

  9
$DIMASO
 70
    1
  9
$DIMSHO
 70
    1
  9
$DIMPOST
  1

  9
$DIMAPOST
  1

  9
$DIMALT
 70
    0
  9
$DIMALTD
 70
    3
  9
$DIMALTF
 40
0.03937
  9
$DIMLFAC
 40
1
  9
$DIMTOFL
 70
    1
  9
$DIMTVP
 40
0
  9
$DIMTIX
 70
    0
  9
$DIMSOXD
 70
    0
  9
$DIMSAH
 70
    0
  9
$DIMBLK1
  1

  9
$DIMBLK2
  1

  9
$DIMSTYLE
  2
STANDARD
  9
$DIMCLRD
 70
    0
  9
$DIMCLRE
 70
    0
  9
$DIMCLRT
 70
    0
  9
$DIMTFAC
 40
1
  9
$DIMGAP
 40
0.625
  9
$LUNITS
 70
    2
  9
$LUPREC
 70
    4
  9
$SKETCHINC
 40
1
  9
$FILLETRAD
 40
0
  9
$AUNITS
 70
    0
  9
$AUPREC
 70
    2
  9
$MENU
  1
.
  9
$ELEVATION
 40
0
  9
$PELEVATION
 40
0
  9
$THICKNESS
 40
0
  9
$LIMCHECK
 70
    0
  9
$BLIPMODE
 70
    0
  9
$CHAMFERA
 40
0
  9
$CHAMFERB
 40
0
  9
$SKPOLY
 70
    0
  9
$USRTIMER
 70
    1
  9
$ANGBASE
 50
0
  9
$ANGDIR
 70
    0
  9
$PDMODE
 70
   34
  9
$PDSIZE
 40
0
  9
$PLINEWID
 40
0
  9
$COORDS
 70
    2
  9
$SPLFRAME
 70
    0
  9
$SPLINETYPE
 70
    2
  9
$SPLINESEGS
 70
    8
  9
$ATTDIA
 70
    1
  9
$ATTREQ
 70
    1
  9
$HANDLING
 70
    1
  9
$HANDSEED
  5
20000
  9
$SURFTAB1
 70
    6
  9
$SURFTAB2
 70
    6
  9
$SURFTYPE
 70
    6
  9
$SURFU
 70
    6
  9
$SURFV
 70
    6
  9
$TDCREATE
 40
20251030.21471286
  9
$UCSNAME
  2

  9
$UCSORG
 10
0
 20
0
 30
0
  9
$UCSXDIR
 10
1
 20
0
 30
0
  9
$UCSYDIR
 10
0
 20
1
 30
0
  9
$PUCSNAME
  2

  9
$PUCSORG
 10
0
 20
0
 30
0
  9
$PUCSXDIR
 10
1
 20
0
 30
0
  9
$PUCSYDIR
 10
0
 20
1
 30
0
  9
$USERI1
 70
    0
  9
$USERI2
 70
    0
  9
$USERI3
 70
    0
  9
$USERI4
 70
    0
  9
$USERI5
 70
    0
  9
$USERR1
 40
0
  9
$USERR2
 40
0
  9
$USERR3
 40
0
  9
$USERR4
 40
0
  9
$USERR5
 40
0
  9
$WORLDVIEW
 70
    1
  9
$SHADEDGE
 70
    3
  9
$SHADEDIF
 70
   70
  9
$TILEMODE
 70
    1
  9
$MAXACTVP
 70
   64
  9
$PLIMCHECK
 70
    0
  9
$PEXTMIN
 10
0
 20
0
 30
0
  9
$PEXTMAX
 10
0
 20
0
 30
0
  9
$PLIMMIN
 10
0
 20
0
  9
$PLIMMAX
 10
297
 20
210
  9
$UNITMODE
 70
    0
  9
$VISRETAIN
 70
    1
  9
$PLINEGEN
 70
    0
  9
$PSLTSCALE
 70
    1
  0
ENDSEC
  0
SECTION
  2
TABLES
  0
TABLE
  2
VPORT
 70
    1
  0
VPORT
  2
*ACTIVE
 70
    0
 10
0
 20
0
 11
1
 21
1
 12
0.651828
 22
-0.16
 13
0
 23
0
 14
10
 24
10
 15
10
 25
10
 16
0
 26
0
 36
1
 17
0
 27
0
 37
0
 40
5.13732
 41
2.4426877
 42
50
 43
0
 44
0
 50
0
 51
0
 71
    0
 72
  100
 73
    1
 74
    3
 75
    0
 76
    0
 77
    0
 78
    0
  0
ENDTAB
  0
TABLE
  2
LTYPE
 70
    4
  0
LTYPE
  2
BYBLOCK
 70
    0
  3

 72
   65
 73
    0
 40
0
  0
LTYPE
  2
BYLAYER
 70
    0
  3

 72
   65
 73
    0
 40
0
  0
LTYPE
  2
CONTINUOUS
 70
    0
  3
Solid line
 72
   65
 73
    0
 40
0
  0
ENDTAB
  0
TABLE
  2
LAYER
 70
    1
  0
LAYER
  2
1
 70
    0
 62
  250
  6
CONTINUOUS
  0
LAYER
  2
8
 70
    0
 62
  250
  6
CONTINUOUS
  0
LAYER
  2
7
 70
    0
 62
  250
  6
CONTINUOUS
  0
LAYER
  2
11
 70
    0
 62
  250
  6
CONTINUOUS
  0
LAYER
  2
4
 70
    0
 62
  250
  6
CONTINUOUS
  0
ENDTAB
  0
TABLE
  2
STYLE
 70
    3
  0
STYLE
  2
STANDARD
 70
    0
 40
0
 41
1
 50
0
 71
    0
 42
2.5
  3
TXT
  4

  0
ENDTAB
  0
TABLE
  2
VIEW
 70
    0
  0
ENDTAB
  0
TABLE
  2
UCS
 70
    0
  0
ENDTAB
  0
TABLE
  2
APPID
 70
    1
  0
APPID
  2
ACAD
 70
    0
  0
APPID
  2
SEAMLY2D
 70
    0
  0
ENDTAB
  0
TABLE
  2
DIMSTYLE
 70
    1
  0
DIMSTYLE
  2
STANDARD
 70
    0
  3

  4

  5

  6

  7

 40
1
 41
2.5
 42
0.625
 43
3.75
 44
1.25
 45
0
 46
0
 47
0
 48
0
140
2.5
141
2.5
142
0
143
0.03937007874015748
144
1
145
0
146
1
147
0.625
 71
    0
 72
    0
 73
    0
 74
    0
 75
    0
 76
    0
 77
    1
 78
    8
170
    0
171
    3
172
    1
173
    0
174
    0
175
    0
176
    0
177
    0
178
    0
  0
ENDTAB
  0
ENDSEC
  0
SECTION
  2
BLOCKS
  0
BLOCK
  8
0
  2
$MODEL_SPACE
 70
    0
 10
0
 20
0
 30
0
  3
$MODEL_SPACE
  1

  0
ENDBLK
  8
0
  0
BLOCK
  8
0
  2
$PAPER_SPACE
 70
    0
 10
0
 20
0
 30
0
  3
$PAPER_SPACE
  1

  0
ENDBLK
  8
0
  0
BLOCK
  8
1
  2
RAGLAN_BK
 70
    0
 10
0
 20
0
  3
RAGLAN_BK
  1

  0
POLYLINE
  5
31
  8
1
  6
BYLAYER
 62
  256
 66
    1
 10
0
 20
0
 30
0
 70
    1
  0
VERTEX
  5
32
  8
1
  6
BYLAYER
 62
  256
 10
903.0229166666667
 20
1621.102083333333
 30
0
  0
VERTEX
  5
33
  8
1
  6
BYLAYER
 62
  256
 10
903.0229166666669
 20
1418.517083333333
 30
0
  0
VERTEX
  5
34
  8
1
  6
BYLAYER
 62
  256
 10
903.0229166666669
 20
1275.597732345683
 30
0
  0
VERTEX
  5
35
  8
1
  6
BYLAYER
 62
  256
 10
894.5595118748015
 20
1275.548441807259
 30
0
  0
VERTEX
  5
36
  8
1
  6
BYLAYER
 62
  256
 10
891.6597305732923
 20
1275.445546206581
 30
0
  0
VERTEX
  5
37
  8
1
  6
BYLAYER
 62
  256
 10
888.8881989065908
 20
1275.244693592105
 30
0
  0
VERTEX
  5
38
  8
1
  6
BYLAYER
 62
  256
 10
886.2222618084528
 20
1274.94864214003
 30
0
  0
VERTEX
  5
39
  8
1
  6
BYLAYER
 62
  256
 10
883.6594227788817
 20
1274.560827390753
 30
0
  0
VERTEX
  5
3A
  8
1
  6
BYLAYER
 62
  256
 10
881.1969606645818
 20
1274.084599661834
 30
0
  0
VERTEX
  5
3B
  8
1
  6
BYLAYER
 62
  256
 10
878.8319323376925
 20
1273.523180878425
 30
0
  0
VERTEX
  5
3C
  8
1
  6
BYLAYER
 62
  256
 10
876.5611869518915
 20
1272.879620214911
 30
0
  0
VERTEX
  5
3D
  8
1
  6
BYLAYER
 62
  256
 10
874.3813929590644
 20
1272.156751695777
 30
0
  0
VERTEX
  5
3E
  8
1
  6
BYLAYER
 62
  256
 10
872.289078000957
 20
1271.357157389246
 30
0
  0
VERTEX
  5
3F
  8
1
  6
BYLAYER
 62
  256
 10
870.2806804653994
 20
1270.483139919659
 30
0
  0
VERTEX
  5
40
  8
1
  6
BYLAYER
 62
  256
 10
868.3526100880662
 20
1269.536707613471
 30
0
  0
VERTEX
  5
41
  8
1
  6
BYLAYER
 62
  256
 10
866.5013137193644
 20
1268.519574652592
 30
0
  0
VERTEX
  5
42
  8
1
  6
BYLAYER
 62
  256
 10
864.7233415043837
 20
1267.433177221347
 30
0
  0
VERTEX
  5
43
  8
1
  6
BYLAYER
 62
  256
 10
863.0154084356079
 20
1266.278704992676
 30
0
  0
VERTEX
  5
44
  8
1
  6
BYLAYER
 62
  256
 10
861.3744466212031
 20
1265.057145672202
 30
0
  0
VERTEX
  5
45
  8
1
  6
BYLAYER
 62
  256
 10
859.7976446180455
 20
1263.769338983888
 30
0
  0
VERTEX
  5
46
  8
1
  6
BYLAYER
 62
  256
 10
858.3010821545976
 20
1262.432657974186
 30
0
  0
VERTEX
  5
47
  8
1
  6
BYLAYER
 62
  256
 10
856.1291166597973
 20
1260.286576448704
 30
0
  0
VERTEX
  5
48
  8
1
  6
BYLAYER
 62
  256
 10
853.4272459069018
 20
1257.176810848083
 30
0
  0
VERTEX
  5
49
  8
1
  6
BYLAYER
 62
  256
 10
850.9565219521375
 20
1253.8391410245
 30
0
  0
VERTEX
  5
4A
  8
1
  6
BYLAYER
 62
  256
 10
848.6917009207128
 20
1250.2645891696
 30
0
  0
VERTEX
  5
4B
  8
1
  6
BYLAYER
 62
  256
 10
846.6256910533714
 20
1246.465670616004
 30
0
  0
VERTEX
  5
4C
  8
1
  6
BYLAYER
 62
  256
 10
844.752168095889
 20
1242.457383187462
 30
0
  0
VERTEX
  5
4D
  8
1
  6
BYLAYER
 62
  256
 10
843.0648403933603
 20
1238.256795792669
 30
0
  0
VERTEX
  5
4E
  8
1
  6
BYLAYER
 62
  256
 10
841.5569895734556
 20
1233.88255170796
 30
0
  0
VERTEX
  5
4F
  8
1
  6
BYLAYER
 62
  256
 10
840.2212355364691
 20
1229.354396418092
 30
0
  0
VERTEX
  5
50
  8
1
  6
BYLAYER
 62
  256
 10
839.043518949134
 20
1224.669156893884
 30
0
  0
VERTEX
  5
51
  8
1
  6
BYLAYER
 62
  256
 10
838.6814965692206
 20
1223.025318567804
 30
0
  0
VERTEX
  5
52
  8
1
  6
BYLAYER
 62
  256
 10
838.2092377537042
 20
1220.417740172587
 30
0
  0
VERTEX
  5
53
  8
1
  6
BYLAYER
 62
  256
 10
837.0852578617034
 20
1214.930233430919
 30
0
  0
VERTEX
  5
54
  8
1
  6
BYLAYER
 62
  256
 10
835.8052334504603
 20
1209.435707303056
 30
0
  0
VERTEX
  5
55
  8
1
  6
BYLAYER
 62
  256
 10
834.3755911252102
 20
1203.954173052367
 30
0
  0
VERTEX
  5
56
  8
1
  6
BYLAYER
 62
  256
 10
832.799462862755
 20
1198.489738111928
 30
0
  0
VERTEX
  5
57
  8
1
  6
BYLAYER
 62
  256
 10
831.0799438396625
 20
1193.046505282491
 30
0
  0
VERTEX
  5
58
  8
1
  6
BYLAYER
 62
  256
 10
829.220094534443
 20
1187.628575925596
 30
0
  0
VERTEX
  5
59
  8
1
  6
BYLAYER
 62
  256
 10
827.2229427977284
 20
1182.240052585159
 30
0
  0
VERTEX
  5
5A
  8
1
  6
BYLAYER
 62
  256
 10
825.0914858361135
 20
1176.885041121866
 30
0
  0
VERTEX
  5
5B
  8
1
  6
BYLAYER
 62
  256
 10
822.8286920712462
 20
1171.567652439063
 30
0
  0
VERTEX
  5
5C
  8
1
  6
BYLAYER
 62
  256
 10
820.4375028485674
 20
1166.292003872515
 30
0
  0
VERTEX
  5
5D
  8
1
  6
BYLAYER
 62
  256
 10
817.9208339801182
 20
1161.062220309442
 30
0
  0
VERTEX
  5
5E
  8
1
  6
BYLAYER
 62
  256
 10
815.2815771137449
 20
1155.88243509583
 30
0
  0
VERTEX
  5
5F
  8
1
  6
BYLAYER
 62
  256
 10
812.5226009270092
 20
1150.756790784702
 30
0
  0
VERTEX
  5
60
  8
1
  6
BYLAYER
 62
  256
 10
809.6467521488173
 20
1145.689439772598
 30
0
  0
VERTEX
  5
61
  8
1
  6
BYLAYER
 62
  256
 10
806.6568564153539
 20
1140.684544866608
 30
0
  0
VERTEX
  5
62
  8
1
  6
BYLAYER
 62
  256
 10
803.5557189698301
 20
1135.746279820329
 30
0
  0
VERTEX
  5
63
  8
1
  6
BYLAYER
 62
  256
 10
800.3461252179417
 20
1130.878829873676
 30
0
  0
VERTEX
  5
64
  8
1
  6
BYLAYER
 62
  256
 10
797.0308411531985
 20
1126.08639232894
 30
0
  0
VERTEX
  5
65
  8
1
  6
BYLAYER
 62
  256
 10
793.6126136684529
 20
1121.373177193408
 30
0
  0
VERTEX
  5
66
  8
1
  6
BYLAYER
 62
  256
 10
790.094170772409
 20
1116.743407917439
 30
0
  0
VERTEX
  5
67
  8
1
  6
BYLAYER
 62
  256
 10
786.4782217326641
 20
1112.201322255867
 30
0
  0
VERTEX
  5
68
  8
1
  6
BYLAYER
 62
  256
 10
782.7674571701727
 20
1107.75117327989
 30
0
  0
VERTEX
  5
69
  8
1
  6
BYLAYER
 62
  256
 10
778.9645491341352
 20
1103.397230566108
 30
0
  0
VERTEX
  5
6A
  8
1
  6
BYLAYER
 62
  256
 10
775.0721511911689
 20
1099.143781588752
 30
0
  0
VERTEX
  5
6B
  8
1
  6
BYLAYER
 62
  256
 10
771.0928985687001
 20
1094.995133340424
 30
0
  0
VERTEX
  5
6C
  8
1
  6
BYLAYER
 62
  256
 10
767.0294083995925
 20
1090.955614205279
 30
0
  0
VERTEX
  5
6D
  8
1
  6
BYLAYER
 62
  256
 10
762.8842801234866
 20
1087.029576106358
 30
0
  0
VERTEX
  5
6E
  8
1
  6
BYLAYER
 62
  256
 10
758.660096110103
 20
1083.221396945276
 30
0
  0
VERTEX
  5
6F
  8
1
  6
BYLAYER
 62
  256
 10
754.359422580844
 20
1079.535483346998
 30
0
  0
VERTEX
  5
70
  8
1
  6
BYLAYER
 62
  256
 10
749.9848109173699
 20
1075.976273714615
 30
0
  0
VERTEX
  5
71
  8
1
  6
BYLAYER
 62
  256
 10
745.5512981324573
 20
1072.557878507227
 30
0
  0
VERTEX
  5
72
  8
1
  6
BYLAYER
 62
  256
 10
743.3101813188761
 20
1070.908083289928
 30
0
  0
VERTEX
  5
73
  8
1
  6
BYLAYER
 62
  256
 10
734.3197119087608
 20
1064.302690750945
 30
0
  0
VERTEX
  5
74
  8
1
  6
BYLAYER
 62
  256
 10
716.2079481400727
 20
1050.721844954711
 30
0
  0
VERTEX
  5
75
  8
1
  6
BYLAYER
 62
  256
 10
702.4432535224496
 20
1040.435407472167
 30
0
  0
VERTEX
  5
76
  8
1
  6
BYLAYER
 62
  256
 10
693.1540567311597
 20
1033.606696202747
 30
0
  0
VERTEX
  5
77
  8
1
  6
BYLAYER
 62
  256
 10
683.7665277494624
 20
1026.86157988054
 30
0
  0
VERTEX
  5
78
  8
1
  6
BYLAYER
 62
  256
 10
674.2663708173465
 20
1020.245962011604
 30
0
  0
VERTEX
  5
79
  8
1
  6
BYLAYER
 62
  256
 10
662.544253030617
 20
1012.404939543145
 30
0
  0
VERTEX
  5
7A
  8
1
  6
BYLAYER
 62
  256
 10
658.2479090552577
 20
1015.237171966886
 30
0
  0
VERTEX
  5
7B
  8
1
  6
BYLAYER
 62
  256
 10
655.671321773656
 20
1016.784137508411
 30
0
  0
VERTEX
  5
7C
  8
1
  6
BYLAYER
 62
  256
 10
652.9201936326558
 20
1018.286237726321
 30
0
  0
VERTEX
  5
7D
  8
1
  6
BYLAYER
 62
  256
 10
649.9905058789653
 20
1019.737767381624
 30
0
  0
VERTEX
  5
7E
  8
1
  6
BYLAYER
 62
  256
 10
646.8783501252612
 20
1021.132967514034
 30
0
  0
VERTEX
  5
7F
  8
1
  6
BYLAYER
 62
  256
 10
643.5799287333043
 20
1022.466040672408
 30
0
  0
VERTEX
  5
80
  8
1
  6
BYLAYER
 62
  256
 10
640.091552573909
 20
1023.731165291934
 30
0
  0
VERTEX
  5
81
  8
1
  6
BYLAYER
 62
  256
 10
636.4096366257056
 20
1024.922508803556
 30
0
  0
VERTEX
  5
82
  8
1
  6
BYLAYER
 62
  256
 10
632.5306938988867
 20
1026.034239205526
 30
0
  0
VERTEX
  5
83
  8
1
  6
BYLAYER
 62
  256
 10
628.4513281579689
 20
1027.060534955976
 30
0
  0
VERTEX
  5
84
  8
1
  6
BYLAYER
 62
  256
 10
624.1682258791203
 20
1027.995593153211
 30
0
  0
VERTEX
  5
85
  8
1
  6
BYLAYER
 62
  256
 10
619.678147822416
 20
1028.833636054497
 30
0
  0
VERTEX
  5
86
  8
1
  6
BYLAYER
 62
  256
 10
614.9779205358575
 20
1029.568916044844
 30
0
  0
VERTEX
  5
87
  8
1
  6
BYLAYER
 62
  256
 10
610.064428042768
 20
1030.195719206849
 30
0
  0
VERTEX
  5
88
  8
1
  6
BYLAYER
 62
  256
 10
604.9346039019856
 20
1030.70836766427
 30
0
  0
VERTEX
  5
89
  8
1
  6
BYLAYER
 62
  256
 10
599.5854237743126
 20
1031.101220879429
 30
0
  0
VERTEX
  5
8A
  8
1
  6
BYLAYER
 62
  256
 10
594.0138985805423
 20
1031.368676081238
 30
0
  0
VERTEX
  5
8B
  8
1
  6
BYLAYER
 62
  256
 10
588.2035074794244
 20
1031.505487292425
 30
0
  0
VERTEX
  5
8C
  8
1
  6
BYLAYER
 62
  256
 10
585.2246666666667
 20
1031.517030774527
 30
0
  0
VERTEX
  5
8D
  8
1
  6
BYLAYER
 62
  256
 10
582.2458258539092
 20
1031.505487292425
 30
0
  0
VERTEX
  5
8E
  8
1
  6
BYLAYER
 62
  256
 10
576.4354347527913
 20
1031.368676081238
 30
0
  0
VERTEX
  5
8F
  8
1
  6
BYLAYER
 62
  256
 10
570.8639095590208
 20
1031.101220879429
 30
0
  0
VERTEX
  5
90
  8
1
  6
BYLAYER
 62
  256
 10
565.5147294313481
 20
1030.70836766427
 30
0
  0
VERTEX
  5
91
  8
1
  6
BYLAYER
 62
  256
 10
560.3849052905656
 20
1030.195719206849
 30
0
  0
VERTEX
  5
92
  8
1
  6
BYLAYER
 62
  256
 10
555.4714127974763
 20
1029.568916044844
 30
0
  0
VERTEX
  5
93
  8
1
  6
BYLAYER
 62
  256
 10
550.7711855109178
 20
1028.833636054497
 30
0
  0
VERTEX
  5
94
  8
1
  6
BYLAYER
 62
  256
 10
546.2811074542132
 20
1027.995593153211
 30
0
  0
VERTEX
  5
95
  8
1
  6
BYLAYER
 62
  256
 10
541.9980051753647
 20
1027.060534955976
 30
0
  0
VERTEX
  5
96
  8
1
  6
BYLAYER
 62
  256
 10
537.9186394344468
 20
1026.034239205526
 30
0
  0
VERTEX
  5
97
  8
1
  6
BYLAYER
 62
  256
 10
534.039696707628
 20
1024.922508803556
 30
0
  0
VERTEX
  5
98
  8
1
  6
BYLAYER
 62
  256
 10
530.3577807594246
 20
1023.731165291934
 30
0
  0
VERTEX
  5
99
  8
1
  6
BYLAYER
 62
  256
 10
526.869404600029
 20
1022.466040672408
 30
0
  0
VERTEX
  5
9A
  8
1
  6
BYLAYER
 62
  256
 10
523.5709832080721
 20
1021.132967514033
 30
0
  0
VERTEX
  5
9B
  8
1
  6
BYLAYER
 62
  256
 10
520.458827454368
 20
1019.737767381624
 30
0
  0
VERTEX
  5
9C
  8
1
  6
BYLAYER
 62
  256
 10
517.529139700678
 20
1018.286237726321
 30
0
  0
VERTEX
  5
9D
  8
1
  6
BYLAYER
 62
  256
 10
514.7780115596776
 20
1016.784137508411
 30
0
  0
VERTEX
  5
9E
  8
1
  6
BYLAYER
 62
  256
 10
512.201424278076
 20
1015.237171966886
 30
0
  0
VERTEX
  5
9F
  8
1
  6
BYLAYER
 62
  256
 10
507.9050803027165
 20
1012.404939543145
 30
0
  0
VERTEX
  5
A0
  8
1
  6
BYLAYER
 62
  256
 10
496.182962515987
 20
1020.245962011604
 30
0
  0
VERTEX
  5
A1
  8
1
  6
BYLAYER
 62
  256
 10
486.6828055838711
 20
1026.86157988054
 30
0
  0
VERTEX
  5
A2
  8
1
  6
BYLAYER
 62
  256
 10
477.2952766021739
 20
1033.606696202747
 30
0
  0
VERTEX
  5
A3
  8
1
  6
BYLAYER
 62
  256
 10
468.006079810884
 20
1040.435407472168
 30
0
  0
VERTEX
  5
A4
  8
1
  6
BYLAYER
 62
  256
 10
454.2413851932616
 20
1050.72184495471
 30
0
  0
VERTEX
  5
A5
  8
1
  6
BYLAYER
 62
  256
 10
436.1296214245727
 20
1064.302690750945
 30
0
  0
VERTEX
  5
A6
  8
1
  6
BYLAYER
 62
  256
 10
427.1391520144438
 20
1070.908083289938
 30
0
  0
VERTEX
  5
A7
  8
1
  6
BYLAYER
 62
  256
 10
424.8980352008763
 20
1072.557878507227
 30
0
  0
VERTEX
  5
A8
  8
1
  6
BYLAYER
 62
  256
 10
420.4645224159636
 20
1075.976273714615
 30
0
  0
VERTEX
  5
A9
  8
1
  6
BYLAYER
 62
  256
 10
416.0899107524895
 20
1079.535483346998
 30
0
  0
VERTEX
  5
AA
  8
1
  6
BYLAYER
 62
  256
 10
411.7892372232305
 20
1083.221396945276
 30
0
  0
VERTEX
  5
AB
  8
1
  6
BYLAYER
 62
  256
 10
407.5650532098469
 20
1087.029576106358
 30
0
  0
VERTEX
  5
AC
  8
1
  6
BYLAYER
 62
  256
 10
403.4199249337411
 20
1090.955614205279
 30
0
  0
VERTEX
  5
AD
  8
1
  6
BYLAYER
 62
  256
 10
399.3564347646335
 20
1094.995133340424
 30
0
  0
VERTEX
  5
AE
  8
1
  6
BYLAYER
 62
  256
 10
395.3771821421647
 20
1099.143781588752
 30
0
  0
VERTEX
  5
AF
  8
1
  6
BYLAYER
 62
  256
 10
391.4847841991983
 20
1103.397230566108
 30
0
  0
VERTEX
  5
B0
  8
1
  6
BYLAYER
 62
  256
 10
387.6818761631608
 20
1107.75117327989
 30
0
  0
VERTEX
  5
B1
  8
1
  6
BYLAYER
 62
  256
 10
383.9711116006694
 20
1112.201322255867
 30
0
  0
VERTEX
  5
B2
  8
1
  6
BYLAYER
 62
  256
 10
380.3551625609246
 20
1116.743407917439
 30
0
  0
VERTEX
  5
B3
  8
1
  6
BYLAYER
 62
  256
 10
376.8367196648811
 20
1121.373177193407
 30
0
  0
VERTEX
  5
B4
  8
1
  6
BYLAYER
 62
  256
 10
373.4184921801351
 20
1126.08639232894
 30
0
  0
VERTEX
  5
B5
  8
1
  6
BYLAYER
 62
  256
 10
370.103208115392
 20
1130.878829873676
 30
0
  0
VERTEX
  5
B6
  8
1
  6
BYLAYER
 62
  256
 10
366.8936143635036
 20
1135.746279820329
 30
0
  0
VERTEX
  5
B7
  8
1
  6
BYLAYER
 62
  256
 10
363.7924769179796
 20
1140.684544866608
 30
0
  0
VERTEX
  5
B8
  8
1
  6
BYLAYER
 62
  256
 10
360.8025811845162
 20
1145.689439772598
 30
0
  0
VERTEX
  5
B9
  8
1
  6
BYLAYER
 62
  256
 10
357.9267324063244
 20
1150.756790784702
 30
0
  0
VERTEX
  5
BA
  8
1
  6
BYLAYER
 62
  256
 10
355.1677562195886
 20
1155.88243509583
 30
0
  0
VERTEX
  5
BB
  8
1
  6
BYLAYER
 62
  256
 10
352.5284993532154
 20
1161.062220309442
 30
0
  0
VERTEX
  5
BC
  8
1
  6
BYLAYER
 62
  256
 10
350.0118304847661
 20
1166.292003872515
 30
0
  0
VERTEX
  5
BD
  8
1
  6
BYLAYER
 62
  256
 10
347.6206412620873
 20
1171.567652439063
 30
0
  0
VERTEX
  5
BE
  8
1
  6
BYLAYER
 62
  256
 10
345.3578474972201
 20
1176.885041121866
 30
0
  0
VERTEX
  5
BF
  8
1
  6
BYLAYER
 62
  256
 10
343.2263905356052
 20
1182.24005258516
 30
0
  0
VERTEX
  5
C0
  8
1
  6
BYLAYER
 62
  256
 10
341.2292387988905
 20
1187.628575925596
 30
0
  0
VERTEX
  5
C1
  8
1
  6
BYLAYER
 62
  256
 10
339.369389493671
 20
1193.046505282492
 30
0
  0
VERTEX
  5
C2
  8
1
  6
BYLAYER
 62
  256
 10
337.6498704705786
 20
1198.489738111928
 30
0
  0
VERTEX
  5
C3
  8
1
  6
BYLAYER
 62
  256
 10
336.0737422081233
 20
1203.954173052367
 30
0
  0
VERTEX
  5
C4
  8
1
  6
BYLAYER
 62
  256
 10
334.6440998828731
 20
1209.435707303056
 30
0
  0
VERTEX
  5
C5
  8
1
  6
BYLAYER
 62
  256
 10
333.3640754716301
 20
1214.930233430919
 30
0
  0
VERTEX
  5
C6
  8
1
  6
BYLAYER
 62
  256
 10
332.2400955796294
 20
1220.417740172587
 30
0
  0
VERTEX
  5
C7
  8
1
  6
BYLAYER
 62
  256
 10
331.7678367641128
 20
1223.025318567804
 30
0
  0
VERTEX
  5
C8
  8
1
  6
BYLAYER
 62
  256
 10
331.4058143841996
 20
1224.669156893884
 30
0
  0
VERTEX
  5
C9
  8
1
  6
BYLAYER
 62
  256
 10
330.2280977968645
 20
1229.354396418092
 30
0
  0
VERTEX
  5
CA
  8
1
  6
BYLAYER
 62
  256
 10
328.892343759878
 20
1233.88255170796
 30
0
  0
VERTEX
  5
CB
  8
1
  6
BYLAYER
 62
  256
 10
327.3844929399733
 20
1238.256795792669
 30
0
  0
VERTEX
  5
CC
  8
1
  6
BYLAYER
 62
  256
 10
325.6971652374445
 20
1242.457383187462
 30
0
  0
VERTEX
  5
CD
  8
1
  6
BYLAYER
 62
  256
 10
323.8236422799622
 20
1246.465670616004
 30
0
  0
VERTEX
  5
CE
  8
1
  6
BYLAYER
 62
  256
 10
321.7576324126208
 20
1250.2645891696
 30
0
  0
VERTEX
  5
CF
  8
1
  6
BYLAYER
 62
  256
 10
319.4928113811961
 20
1253.8391410245
 30
0
  0
VERTEX
  5
D0
  8
1
  6
BYLAYER
 62
  256
 10
317.0220874264312
 20
1257.176810848083
 30
0
  0
VERTEX
  5
D1
  8
1
  6
BYLAYER
 62
  256
 10
314.3202166735366
 20
1260.286576448703
 30
0
  0
VERTEX
  5
D2
  8
1
  6
BYLAYER
 62
  256
 10
312.1482511787357
 20
1262.432657974186
 30
0
  0
VERTEX
  5
D3
  8
1
  6
BYLAYER
 62
  256
 10
310.6516887152879
 20
1263.769338983888
 30
0
  0
VERTEX
  5
D4
  8
1
  6
BYLAYER
 62
  256
 10
309.0748867121301
 20
1265.057145672202
 30
0
  0
VERTEX
  5
D5
  8
1
  6
BYLAYER
 62
  256
 10
307.4339248977263
 20
1266.278704992676
 30
0
  0
VERTEX
  5
D6
  8
1
  6
BYLAYER
 62
  256
 10
305.7259918289495
 20
1267.433177221347
 30
0
  0
VERTEX
  5
D7
  8
1
  6
BYLAYER
 62
  256
 10
303.9480196139694
 20
1268.519574652592
 30
0
  0
VERTEX
  5
D8
  8
1
  6
BYLAYER
 62
  256
 10
302.0967232452674
 20
1269.536707613471
 30
0
  0
VERTEX
  5
D9
  8
1
  6
BYLAYER
 62
  256
 10
300.168652867934
 20
1270.483139919659
 30
0
  0
VERTEX
  5
DA
  8
1
  6
BYLAYER
 62
  256
 10
298.1602553323766
 20
1271.357157389246
 30
0
  0
VERTEX
  5
DB
  8
1
  6
BYLAYER
 62
  256
 10
296.0679403742691
 20
1272.156751695777
 30
0
  0
VERTEX
  5
DC
  8
1
  6
BYLAYER
 62
  256
 10
293.888146381442
 20
1272.879620214911
 30
0
  0
VERTEX
  5
DD
  8
1
  6
BYLAYER
 62
  256
 10
291.6174009956411
 20
1273.523180878425
 30
0
  0
VERTEX
  5
DE
  8
1
  6
BYLAYER
 62
  256
 10
289.2523726687517
 20
1274.084599661834
 30
0
  0
VERTEX
  5
DF
  8
1
  6
BYLAYER
 62
  256
 10
286.789910554452
 20
1274.560827390753
 30
0
  0
VERTEX
  5
E0
  8
1
  6
BYLAYER
 62
  256
 10
284.2270715248807
 20
1274.94864214003
 30
0
  0
VERTEX
  5
E1
  8
1
  6
BYLAYER
 62
  256
 10
281.5611344267427
 20
1275.244693592105
 30
0
  0
VERTEX
  5
E2
  8
1
  6
BYLAYER
 62
  256
 10
278.7896027600412
 20
1275.445546206581
 30
0
  0
VERTEX
  5
E3
  8
1
  6
BYLAYER
 62
  256
 10
275.8898214585321
 20
1275.548441807259
 30
0
  0
VERTEX
  5
E4
  8
1
  6
BYLAYER
 62
  256
 10
267.4264166666667
 20
1275.597732345683
 30
0
  0
VERTEX
  5
E5
  8
1
  6
BYLAYER
 62
  256
 10
267.4264166666667
 20
1418.517083333333
 30
0
  0
VERTEX
  5
E6
  8
1
  6
BYLAYER
 62
  256
 10
267.4264166666667
 20
1621.102083333333
 30
0
  0
VERTEX
  5
E7
  8
1
  6
BYLAYER
 62
  256
 10
903.0229166666667
 20
1621.102083333333
 30
0
  0
SEQEND
  5
E8
  8
1
  6
BYLAYER
 62
  256
  0
POLYLINE
  5
E9
  8
8
  6
BYLAYER
 62
  256
 66
    1
 10
0
 20
0
 30
0
 70
    1
  0
VERTEX
  5
EA
  8
8
  6
BYLAYER
 62
  256
 10
896.0229166666668
 20
1614.102083333333
 30
0
  0
VERTEX
  5
EB
  8
8
  6
BYLAYER
 62
  256
 10
896.0229166666668
 20
1418.517083333333
 30
0
  0
VERTEX
  5
EC
  8
8
  6
BYLAYER
 62
  256
 10
896.0229166666668
 20
1282.557083333333
 30
0
  0
VERTEX
  5
ED
  8
8
  6
BYLAYER
 62
  256
 10
894.414981006474
 20
1282.54771877895
 30
0
  0
VERTEX
  5
EE
  8
8
  6
BYLAYER
 62
  256
 10
891.2825055637522
 20
1282.436566278546
 30
0
  0
VERTEX
  5
EF
  8
8
  6
BYLAYER
 62
  256
 10
888.2486845504433
 20
1282.216705582133
 30
0
  0
VERTEX
  5
F0
  8
8
  6
BYLAYER
 62
  256
 10
885.3119394956767
 20
1281.890580994104
 30
0
  0
VERTEX
  5
F1
  8
8
  6
BYLAYER
 62
  256
 10
882.4706919285823
 20
1281.460636818855
 30
0
  0
VERTEX
  5
F2
  8
8
  6
BYLAYER
 62
  256
 10
879.7233633782887
 20
1280.929317360779
 30
0
  0
VERTEX
  5
F3
  8
8
  6
BYLAYER
 62
  256
 10
877.0683753739257
 20
1280.299066924272
 30
0
  0
VERTEX
  5
F4
  8
8
  6
BYLAYER
 62
  256
 10
874.5041494446227
 20
1279.572329813726
 30
0
  0
VERTEX
  5
F5
  8
8
  6
BYLAYER
 62
  256
 10
872.0291071195093
 20
1278.751550333538
 30
0
  0
VERTEX
  5
F6
  8
8
  6
BYLAYER
 62
  256
 10
869.6416699277144
 20
1277.839172788101
 30
0
  0
VERTEX
  5
F7
  8
8
  6
BYLAYER
 62
  256
 10
867.3402593983678
 20
1276.837641481809
 30
0
  0
VERTEX
  5
F8
  8
8
  6
BYLAYER
 62
  256
 10
865.1232970605987
 20
1275.749400719058
 30
0
  0
VERTEX
  5
F9
  8
8
  6
BYLAYER
 62
  256
 10
862.9892044435366
 20
1274.576894804241
 30
0
  0
VERTEX
  5
FA
  8
8
  6
BYLAYER
 62
  256
 10
860.9364030763106
 20
1273.322568041752
 30
0
  0
VERTEX
  5
FB
  8
8
  6
BYLAYER
 62
  256
 10
858.9633144880504
 20
1271.988864735987
 30
0
  0
VERTEX
  5
FC
  8
8
  6
BYLAYER
 62
  256
 10
857.0683602078852
 20
1270.578229191339
 30
0
  0
VERTEX
  5
FD
  8
8
  6
BYLAYER
 62
  256
 10
855.2499617649448
 20
1269.093105712204
 30
0
  0
VERTEX
  5
FE
  8
8
  6
BYLAYER
 62
  256
 10
853.5065406883581
 20
1267.535938602974
 30
0
  0
VERTEX
  5
FF
  8
8
  6
BYLAYER
 62
  256
 10
851.0196598317149
 20
1265.078694657205
 30
0
  0
VERTEX
  5
100
  8
8
  6
BYLAYER
 62
  256
 10
847.9637402262175
 20
1261.561430310917
 30
0
  0
VERTEX
  5
101
  8
8
  6
BYLAYER
 62
  256
 10
845.1793176104649
 20
1257.799988923352
 30
0
  0
VERTEX
  5
102
  8
8
  6
BYLAYER
 62
  256
 10
842.6537642174917
 20
1253.813924929667
 30
0
  0
VERTEX
  5
103
  8
8
  6
BYLAYER
 62
  256
 10
840.3744522803336
 20
1249.622792765016
 30
0
  0
VERTEX
  5
104
  8
8
  6
BYLAYER
 62
  256
 10
838.3287540320255
 20
1245.246146864555
 30
0
  0
VERTEX
  5
105
  8
8
  6
BYLAYER
 62
  256
 10
836.5040417056024
 20
1240.703541663437
 30
0
  0
VERTEX
  5
106
  8
8
  6
BYLAYER
 62
  256
 10
834.8876875340997
 20
1236.01453159682
 30
0
  0
VERTEX
  5
107
  8
8
  6
BYLAYER
 62
  256
 10
833.4670637505523
 20
1231.198671099858
 30
0
  0
VERTEX
  5
108
  8
8
  6
BYLAYER
 62
  256
 10
832.2295425879954
 20
1226.275514607705
 30
0
  0
VERTEX
  5
109
  8
8
  6
BYLAYER
 62
  256
 10
831.8170067596013
 20
1224.402309404871
 30
0
  0
VERTEX
  5
10A
  8
8
  6
BYLAYER
 62
  256
 10
831.3355526980263
 20
1221.743959432347
 30
0
  0
VERTEX
  5
10B
  8
8
  6
BYLAYER
 62
  256
 10
830.2464886172432
 20
1216.426919040489
 30
0
  0
VERTEX
  5
10C
  8
8
  6
BYLAYER
 62
  256
 10
829.0086309069427
 20
1211.113394179491
 30
0
  0
VERTEX
  5
10D
  8
8
  6
BYLAYER
 62
  256
 10
827.6248612556158
 20
1205.807744923839
 30
0
  0
VERTEX
  5
10E
  8
8
  6
BYLAYER
 62
  256
 10
826.0980613517538
 20
1200.514331348014
 30
0
  0
VERTEX
  5
10F
  8
8
  6
BYLAYER
 62
  256
 10
824.4311128838478
 20
1195.237513526501
 30
0
  0
VERTEX
  5
110
  8
8
  6
BYLAYER
 62
  256
 10
822.6268975403889
 20
1189.981651533782
 30
0
  0
VERTEX
  5
111
  8
8
  6
BYLAYER
 62
  256
 10
820.6882970098682
 20
1184.751105444341
 30
0
  0
VERTEX
  5
112
  8
8
  6
BYLAYER
 62
  256
 10
818.6181929807768
 20
1179.550235332662
 30
0
  0
VERTEX
  5
113
  8
8
  6
BYLAYER
 62
  256
 10
816.4194671416062
 20
1174.383401273226
 30
0
  0
VERTEX
  5
114
  8
8
  6
BYLAYER
 62
  256
 10
814.0950011808471
 20
1169.254963340519
 30
0
  0
VERTEX
  5
115
  8
8
  6
BYLAYER
 62
  256
 10
811.6476767869908
 20
1164.169281609023
 30
0
  0
VERTEX
  5
116
  8
8
  6
BYLAYER
 62
  256
 10
809.0803756485285
 20
1159.130716153221
 30
0
  0
VERTEX
  5
117
  8
8
  6
BYLAYER
 62
  256
 10
806.3959794539514
 20
1154.143627047597
 30
0
  0
VERTEX
  5
118
  8
8
  6
BYLAYER
 62
  256
 10
803.5973698917505
 20
1149.212374366634
 30
0
  0
VERTEX
  5
119
  8
8
  6
BYLAYER
 62
  256
 10
800.687428650417
 20
1144.341318184815
 30
0
  0
VERTEX
  5
11A
  8
8
  6
BYLAYER
 62
  256
 10
797.6690374184419
 20
1139.534818576624
 30
0
  0
VERTEX
  5
11B
  8
8
  6
BYLAYER
 62
  256
 10
794.5450778843167
 20
1134.797235616544
 30
0
  0
VERTEX
  5
11C
  8
8
  6
BYLAYER
 62
  256
 10
791.3184317365323
 20
1130.132929379058
 30
0
  0
VERTEX
  5
11D
  8
8
  6
BYLAYER
 62
  256
 10
787.9919806635797
 20
1125.546259938649
 30
0
  0
VERTEX
  5
11E
  8
8
  6
BYLAYER
 62
  256
 10
784.5686063539503
 20
1121.041587369802
 30
0
  0
VERTEX
  5
11F
  8
8
  6
BYLAYER
 62
  256
 10
781.0511904961352
 20
1116.623271746999
 30
0
  0
VERTEX
  5
120
  8
8
  6
BYLAYER
 62
  256
 10
777.4426147786254
 20
1112.295673144723
 30
0
  0
VERTEX
  5
121
  8
8
  6
BYLAYER
 62
  256
 10
773.7457608899123
 20
1108.063151637458
 30
0
  0
VERTEX
  5
122
  8
8
  6
BYLAYER
 62
  256
 10
769.9635105184867
 20
1103.930067299687
 30
0
  0
VERTEX
  5
123
  8
8
  6
BYLAYER
 62
  256
 10
766.09874535284
 20
1099.900780205893
 30
0
  0
VERTEX
  5
124
  8
8
  6
BYLAYER
 62
  256
 10
762.1543470814634
 20
1095.979650430561
 30
0
  0
VERTEX
  5
125
  8
8
  6
BYLAYER
 62
  256
 10
758.1331973928477
 20
1092.171038048172
 30
0
  0
VERTEX
  5
126
  8
8
  6
BYLAYER
 62
  256
 10
754.0381779754844
 20
1088.47930313321
 30
0
  0
VERTEX
  5
127
  8
8
  6
BYLAYER
 62
  256
 10
749.8721705178643
 20
1084.908805760159
 30
0
  0
VERTEX
  5
128
  8
8
  6
BYLAYER
 62
  256
 10
745.638056708479
 20
1081.463906003502
 30
0
  0
VERTEX
  5
129
  8
8
  6
BYLAYER
 62
  256
 10
741.3387182358192
 20
1078.148963937723
 30
0
  0
VERTEX
  5
12A
  8
8
  6
BYLAYER
 62
  256
 10
739.1629526896426
 20
1076.547276970629
 30
0
  0
VERTEX
  5
12B
  8
8
  6
BYLAYER
 62
  256
 10
730.1476092789914
 20
1069.923609241547
 30
0
  0
VERTEX
  5
12C
  8
8
  6
BYLAYER
 62
  256
 10
712.0130771725948
 20
1056.325690934463
 30
0
  0
VERTEX
  5
12D
  8
8
  6
BYLAYER
 62
  256
 10
698.2749711721168
 20
1046.059123282352
 30
0
  0
VERTEX
  5
12E
  8
8
  6
BYLAYER
 62
  256
 10
689.0385872416324
 20
1039.269236013096
 30
0
  0
VERTEX
  5
12F
  8
8
  6
BYLAYER
 62
  256
 10
679.7239010851827
 20
1032.576458632318
 30
0
  0
VERTEX
  5
130
  8
8
  6
BYLAYER
 62
  256
 10
670.3199479026661
 20
1026.02783410354
 30
0
  0
VERTEX
  5
131
  8
8
  6
BYLAYER
 62
  256
 10
662.5160027773776
 20
1020.807710045472
 30
0
  0
VERTEX
  5
132
  8
8
  6
BYLAYER
 62
  256
 10
661.9775237939469
 20
1021.162685728314
 30
0
  0
VERTEX
  5
133
  8
8
  6
BYLAYER
 62
  256
 10
659.1516431477895
 20
1022.859325316378
 30
0
  0
VERTEX
  5
134
  8
8
  6
BYLAYER
 62
  256
 10
656.1525660208199
 20
1024.496804261402
 30
0
  0
VERTEX
  5
135
  8
8
  6
BYLAYER
 62
  256
 10
652.9772286428962
 20
1026.070042352677
 30
0
  0
VERTEX
  5
136
  8
8
  6
BYLAYER
 62
  256
 10
649.6225672438763
 20
1027.573959379494
 30
0
  0
VERTEX
  5
137
  8
8
  6
BYLAYER
 62
  256
 10
646.0855180536186
 20
1029.003475131144
 30
0
  0
VERTEX
  5
138
  8
8
  6
BYLAYER
 62
  256
 10
642.3630173019808
 20
1030.35350939692
 30
0
  0
VERTEX
  5
139
  8
8
  6
BYLAYER
 62
  256
 10
638.452001218821
 20
1031.618981966112
 30
0
  0
VERTEX
  5
13A
  8
8
  6
BYLAYER
 62
  256
 10
634.3494060339975
 20
1032.794812628011
 30
0
  0
VERTEX
  5
13B
  8
8
  6
BYLAYER
 62
  256
 10
630.0521679773682
 20
1033.875921171909
 30
0
  0
VERTEX
  5
13C
  8
8
  6
BYLAYER
 62
  256
 10
625.557223278791
 20
1034.857227387098
 30
0
  0
VERTEX
  5
13D
  8
8
  6
BYLAYER
 62
  256
 10
620.861508168124
 20
1035.733651062869
 30
0
  0
VERTEX
  5
13E
  8
8
  6
BYLAYER
 62
  256
 10
615.9619588752254
 20
1036.500111988512
 30
0
  0
VERTEX
  5
13F
  8
8
  6
BYLAYER
 62
  256
 10
610.8555116299532
 20
1037.15152995332
 30
0
  0
VERTEX
  5
140
  8
8
  6
BYLAYER
 62
  256
 10
605.5391026621653
 20
1037.682824746583
 30
0
  0
VERTEX
  5
141
  8
8
  6
BYLAYER
 62
  256
 10
600.00966820172
 20
1038.088916157594
 30
0
  0
VERTEX
  5
142
  8
8
  6
BYLAYER
 62
  256
 10
594.264144478475
 20
1038.364723975643
 30
0
  0
VERTEX
  5
143
  8
8
  6
BYLAYER
 62
  256
 10
588.2994677222888
 20
1038.505167990022
 30
0
  0
VERTEX
  5
144
  8
8
  6
BYLAYER
 62
  256
 10
585.2246666666667
 20
1038.517083333333
 30
0
  0
VERTEX
  5
145
  8
8
  6
BYLAYER
 62
  256
 10
582.1498656110447
 20
1038.505167990022
 30
0
  0
VERTEX
  5
146
  8
8
  6
BYLAYER
 62
  256
 10
576.1851888548586
 20
1038.364723975643
 30
0
  0
VERTEX
  5
147
  8
8
  6
BYLAYER
 62
  256
 10
570.4396651316135
 20
1038.088916157594
 30
0
  0
VERTEX
  5
148
  8
8
  6
BYLAYER
 62
  256
 10
564.9102306711682
 20
1037.682824746583
 30
0
  0
VERTEX
  5
149
  8
8
  6
BYLAYER
 62
  256
 10
559.5938217033804
 20
1037.15152995332
 30
0
  0
VERTEX
  5
14A
  8
8
  6
BYLAYER
 62
  256
 10
554.4873744581081
 20
1036.500111988512
 30
0
  0
VERTEX
  5
14B
  8
8
  6
BYLAYER
 62
  256
 10
549.5878251652096
 20
1035.733651062869
 30
0
  0
VERTEX
  5
14C
  8
8
  6
BYLAYER
 62
  256
 10
544.8921100545425
 20
1034.857227387098
 30
0
  0
VERTEX
  5
14D
  8
8
  6
BYLAYER
 62
  256
 10
540.3971653559654
 20
1033.875921171909
 30
0
  0
VERTEX
  5
14E
  8
8
  6
BYLAYER
 62
  256
 10
536.0999272993361
 20
1032.794812628011
 30
0
  0
VERTEX
  5
14F
  8
8
  6
BYLAYER
 62
  256
 10
531.9973321145125
 20
1031.618981966112
 30
0
  0
VERTEX
  5
150
  8
8
  6
BYLAYER
 62
  256
 10
528.0863160313528
 20
1030.35350939692
 30
0
  0
VERTEX
  5
151
  8
8
  6
BYLAYER
 62
  256
 10
524.3638152797149
 20
1029.003475131144
 30
0
  0
VERTEX
  5
152
  8
8
  6
BYLAYER
 62
  256
 10
520.8267660894571
 20
1027.573959379494
 30
0
  0
VERTEX
  5
153
  8
8
  6
BYLAYER
 62
  256
 10
517.4721046904374
 20
1026.070042352677
 30
0
  0
VERTEX
  5
154
  8
8
  6
BYLAYER
 62
  256
 10
514.2967673125137
 20
1024.496804261402
 30
0
  0
VERTEX
  5
155
  8
8
  6
BYLAYER
 62
  256
 10
511.2976901855441
 20
1022.859325316378
 30
0
  0
VERTEX
  5
156
  8
8
  6
BYLAYER
 62
  256
 10
508.4718095393866
 20
1021.162685728314
 30
0
  0
VERTEX
  5
157
  8
8
  6
BYLAYER
 62
  256
 10
507.9333305559559
 20
1020.807710045472
 30
0
  0
VERTEX
  5
158
  8
8
  6
BYLAYER
 62
  256
 10
500.1293854306675
 20
1026.02783410354
 30
0
  0
VERTEX
  5
159
  8
8
  6
BYLAYER
 62
  256
 10
490.7254322481508
 20
1032.576458632318
 30
0
  0
VERTEX
  5
15A
  8
8
  6
BYLAYER
 62
  256
 10
481.4107460917011
 20
1039.269236013096
 30
0
  0
VERTEX
  5
15B
  8
8
  6
BYLAYER
 62
  256
 10
472.1743621612167
 20
1046.059123282352
 30
0
  0
VERTEX
  5
15C
  8
8
  6
BYLAYER
 62
  256
 10
458.4362561607388
 20
1056.325690934463
 30
0
  0
VERTEX
  5
15D
  8
8
  6
BYLAYER
 62
  256
 10
440.3017240543422
 20
1069.923609241547
 30
0
  0
VERTEX
  5
15E
  8
8
  6
BYLAYER
 62
  256
 10
431.286380643691
 20
1076.547276970629
 30
0
  0
VERTEX
  5
15F
  8
8
  6
BYLAYER
 62
  256
 10
429.1106150975143
 20
1078.148963937723
 30
0
  0
VERTEX
  5
160
  8
8
  6
BYLAYER
 62
  256
 10
424.8112766248546
 20
1081.463906003502
 30
0
  0
VERTEX
  5
161
  8
8
  6
BYLAYER
 62
  256
 10
420.5771628154692
 20
1084.908805760159
 30
0
  0
VERTEX
  5
162
  8
8
  6
BYLAYER
 62
  256
 10
416.4111553578492
 20
1088.47930313321
 30
0
  0
VERTEX
  5
163
  8
8
  6
BYLAYER
 62
  256
 10
412.3161359404859
 20
1092.171038048172
 30
0
  0
VERTEX
  5
164
  8
8
  6
BYLAYER
 62
  256
 10
408.2949862518702
 20
1095.979650430561
 30
0
  0
VERTEX
  5
165
  8
8
  6
BYLAYER
 62
  256
 10
404.3505879804936
 20
1099.900780205893
 30
0
  0
VERTEX
  5
166
  8
8
  6
BYLAYER
 62
  256
 10
400.4858228148468
 20
1103.930067299687
 30
0
  0
VERTEX
  5
167
  8
8
  6
BYLAYER
 62
  256
 10
396.7035724434214
 20
1108.063151637458
 30
0
  0
VERTEX
  5
168
  8
8
  6
BYLAYER
 62
  256
 10
393.0067185547081
 20
1112.295673144723
 30
0
  0
VERTEX
  5
169
  8
8
  6
BYLAYER
 62
  256
 10
389.3981428371983
 20
1116.623271746999
 30
0
  0
VERTEX
  5
16A
  8
8
  6
BYLAYER
 62
  256
 10
385.8807269793833
 20
1121.041587369802
 30
0
  0
VERTEX
  5
16B
  8
8
  6
BYLAYER
 62
  256
 10
382.4573526697538
 20
1125.546259938649
 30
0
  0
VERTEX
  5
16C
  8
8
  6
BYLAYER
 62
  256
 10
379.1309015968013
 20
1130.132929379058
 30
0
  0
VERTEX
  5
16D
  8
8
  6
BYLAYER
 62
  256
 10
375.9042554490168
 20
1134.797235616544
 30
0
  0
VERTEX
  5
16E
  8
8
  6
BYLAYER
 62
  256
 10
372.7802959148916
 20
1139.534818576624
 30
0
  0
VERTEX
  5
16F
  8
8
  6
BYLAYER
 62
  256
 10
369.7619046829166
 20
1144.341318184815
 30
0
  0
VERTEX
  5
170
  8
8
  6
BYLAYER
 62
  256
 10
366.8519634415831
 20
1149.212374366634
 30
0
  0
VERTEX
  5
171
  8
8
  6
BYLAYER
 62
  256
 10
364.0533538793821
 20
1154.143627047597
 30
0
  0
VERTEX
  5
172
  8
8
  6
BYLAYER
 62
  256
 10
361.368957684805
 20
1159.130716153221
 30
0
  0
VERTEX
  5
173
  8
8
  6
BYLAYER
 62
  256
 10
358.8016565463427
 20
1164.169281609023
 30
0
  0
VERTEX
  5
174
  8
8
  6
BYLAYER
 62
  256
 10
356.3543321524865
 20
1169.254963340519
 30
0
  0
VERTEX
  5
175
  8
8
  6
BYLAYER
 62
  256
 10
354.0298661917274
 20
1174.383401273226
 30
0
  0
VERTEX
  5
176
  8
8
  6
BYLAYER
 62
  256
 10
351.8311403525566
 20
1179.550235332662
 30
0
  0
VERTEX
  5
177
  8
8
  6
BYLAYER
 62
  256
 10
349.7610363234654
 20
1184.751105444341
 30
0
  0
VERTEX
  5
178
  8
8
  6
BYLAYER
 62
  256
 10
347.8224357929447
 20
1189.981651533782
 30
0
  0
VERTEX
  5
179
  8
8
  6
BYLAYER
 62
  256
 10
346.0182204494857
 20
1195.237513526501
 30
0
  0
VERTEX
  5
17A
  8
8
  6
BYLAYER
 62
  256
 10
344.3512719815797
 20
1200.514331348014
 30
0
  0
VERTEX
  5
17B
  8
8
  6
BYLAYER
 62
  256
 10
342.8244720777177
 20
1205.807744923839
 30
0
  0
VERTEX
  5
17C
  8
8
  6
BYLAYER
 62
  256
 10
341.4407024263909
 20
1211.113394179491
 30
0
  0
VERTEX
  5
17D
  8
8
  6
BYLAYER
 62
  256
 10
340.2028447160903
 20
1216.426919040489
 30
0
  0
VERTEX
  5
17E
  8
8
  6
BYLAYER
 62
  256
 10
339.1137806353073
 20
1221.743959432347
 30
0
  0
VERTEX
  5
17F
  8
8
  6
BYLAYER
 62
  256
 10
338.6323265737322
 20
1224.402309404871
 30
0
  0
VERTEX
  5
180
  8
8
  6
BYLAYER
 62
  256
 10
338.2197907453379
 20
1226.275514607705
 30
0
  0
VERTEX
  5
181
  8
8
  6
BYLAYER
 62
  256
 10
336.9822695827812
 20
1231.198671099858
 30
0
  0
VERTEX
  5
182
  8
8
  6
BYLAYER
 62
  256
 10
335.5616457992338
 20
1236.01453159682
 30
0
  0
VERTEX
  5
183
  8
8
  6
BYLAYER
 62
  256
 10
333.9452916277311
 20
1240.703541663437
 30
0
  0
VERTEX
  5
184
  8
8
  6
BYLAYER
 62
  256
 10
332.1205793013081
 20
1245.246146864555
 30
0
  0
VERTEX
  5
185
  8
8
  6
BYLAYER
 62
  256
 10
330.074881053
 20
1249.622792765016
 30
0
  0
VERTEX
  5
186
  8
8
  6
BYLAYER
 62
  256
 10
327.7955691158418
 20
1253.813924929667
 30
0
  0
VERTEX
  5
187
  8
8
  6
BYLAYER
 62
  256
 10
325.2700157228688
 20
1257.799988923352
 30
0
  0
VERTEX
  5
188
  8
8
  6
BYLAYER
 62
  256
 10
322.485593107116
 20
1261.561430310917
 30
0
  0
VERTEX
  5
189
  8
8
  6
BYLAYER
 62
  256
 10
319.4296735016187
 20
1265.078694657205
 30
0
  0
VERTEX
  5
18A
  8
8
  6
BYLAYER
 62
  256
 10
316.9427926449755
 20
1267.535938602974
 30
0
  0
VERTEX
  5
18B
  8
8
  6
BYLAYER
 62
  256
 10
315.1993715683888
 20
1269.093105712204
 30
0
  0
VERTEX
  5
18C
  8
8
  6
BYLAYER
 62
  256
 10
313.3809731254482
 20
1270.578229191339
 30
0
  0
VERTEX
  5
18D
  8
8
  6
BYLAYER
 62
  256
 10
311.4860188452832
 20
1271.988864735987
 30
0
  0
VERTEX
  5
18E
  8
8
  6
BYLAYER
 62
  256
 10
309.512930257023
 20
1273.322568041752
 30
0
  0
VERTEX
  5
18F
  8
8
  6
BYLAYER
 62
  256
 10
307.4601288897971
 20
1274.576894804241
 30
0
  0
VERTEX
  5
190
  8
8
  6
BYLAYER
 62
  256
 10
305.3260362727348
 20
1275.749400719058
 30
0
  0
VERTEX
  5
191
  8
8
  6
BYLAYER
 62
  256
 10
303.1090739349657
 20
1276.837641481809
 30
0
  0
VERTEX
  5
192
  8
8
  6
BYLAYER
 62
  256
 10
300.8076634056191
 20
1277.839172788101
 30
0
  0
VERTEX
  5
193
  8
8
  6
BYLAYER
 62
  256
 10
298.4202262138243
 20
1278.751550333538
 30
0
  0
VERTEX
  5
194
  8
8
  6
BYLAYER
 62
  256
 10
295.9451838887107
 20
1279.572329813726
 30
0
  0
VERTEX
  5
195
  8
8
  6
BYLAYER
 62
  256
 10
293.3809579594078
 20
1280.299066924272
 30
0
  0
VERTEX
  5
196
  8
8
  6
BYLAYER
 62
  256
 10
290.7259699550449
 20
1280.929317360779
 30
0
  0
VERTEX
  5
197
  8
8
  6
BYLAYER
 62
  256
 10
287.9786414047513
 20
1281.460636818855
 30
0
  0
VERTEX
  5
198
  8
8
  6
BYLAYER
 62
  256
 10
285.1373938376568
 20
1281.890580994104
 30
0
  0
VERTEX
  5
199
  8
8
  6
BYLAYER
 62
  256
 10
282.2006487828903
 20
1282.216705582133
 30
0
  0
VERTEX
  5
19A
  8
8
  6
BYLAYER
 62
  256
 10
279.1668277695814
 20
1282.436566278546
 30
0
  0
VERTEX
  5
19B
  8
8
  6
BYLAYER
 62
  256
 10
276.0343523268596
 20
1282.54771877895
 30
0
  0
VERTEX
  5
19C
  8
8
  6
BYLAYER
 62
  256
 10
274.4264166666667
 20
1282.557083333333
 30
0
  0
VERTEX
  5
19D
  8
8
  6
BYLAYER
 62
  256
 10
274.4264166666667
 20
1418.517083333333
 30
0
  0
VERTEX
  5
19E
  8
8
  6
BYLAYER
 62
  256
 10
274.4264166666667
 20
1614.102083333333
 30
0
  0
SEQEND
  5
19F
  8
8
  6
BYLAYER
 62
  256
  0
POLYLINE
  5
1A0
  8
8
  6
BYLAYER
 62
  256
 66
    1
 10
0
 20
0
 30
0
 70
    0
  0
VERTEX
  5
1A1
  8
8
  6
BYLAYER
 62
  256
 10
859.3454035901485
 20
1614.102083333333
 30
0
  0
VERTEX
  5
1A2
  8
8
  6
BYLAYER
 62
  256
 10
859.3454035901485
 20
1614.102083333333
 30
0
  0
VERTEX
  5
1A3
  8
8
  6
BYLAYER
 62
  256
 10
859.2996184259792
 20
1613.235916341398
 30
0
  0
VERTEX
  5
1A4
  8
8
  6
BYLAYER
 62
  256
 10
858.669648884811
 20
1605.077781119458
 30
0
  0
VERTEX
  5
1A5
  8
8
  6
BYLAYER
 62
  256
 10
858.1746666666668
 20
1599.717083333333
 30
0
  0
VERTEX
  5
1A6
  8
8
  6
BYLAYER
 62
  256
 10
857.8843033376561
 20
1596.749170250236
 30
0
  0
VERTEX
  5
1A7
  8
8
  6
BYLAYER
 62
  256
 10
857.1585601063907
 20
1590.797908241894
 30
0
  0
VERTEX
  5
1A8
  8
8
  6
BYLAYER
 62
  256
 10
856.2800745894779
 20
1584.836925765136
 30
0
  0
VERTEX
  5
1A9
  8
8
  6
BYLAYER
 62
  256
 10
855.2724885671894
 20
1578.876003422358
 30
0
  0
VERTEX
  5
1AA
  8
8
  6
BYLAYER
 62
  256
 10
853.5795119873594
 20
1569.953063772158
 30
0
  0
VERTEX
  5
1AB
  8
8
  6
BYLAYER
 62
  256
 10
851.0734382737932
 20
1558.148947119279
 30
0
  0
VERTEX
  5
1AC
  8
8
  6
BYLAYER
 62
  256
 10
849.7746666666667
 20
1552.317083333333
 30
0
  0
VERTEX
  5
1AD
  8
8
  6
BYLAYER
 62
  256
 10
849.0995375928417
 20
1549.358460104769
 30
0
  0
VERTEX
  5
1AE
  8
8
  6
BYLAYER
 62
  256
 10
847.6246180301714
 20
1543.438663712518
 30
0
  0
VERTEX
  5
1AF
  8
8
  6
BYLAYER
 62
  256
 10
845.2174914815313
 20
1534.556962005775
 30
0
  0
VERTEX
  5
1B0
  8
8
  6
BYLAYER
 62
  256
 10
841.819664369663
 20
1522.721459275134
 30
0
  0
VERTEX
  5
1B1
  8
8
  6
BYLAYER
 62
  256
 10
838.5175419348627
 20
1510.908375867019
 30
0
  0
VERTEX
  5
1B2
  8
8
  6
BYLAYER
 62
  256
 10
837.0246666666667
 20
1505.017083333333
 30
0
  0
VERTEX
  5
1B3
  8
8
  6
BYLAYER
 62
  256
 10
835.6894209953556
 20
1499.677502388659
 30
0
  0
VERTEX
  5
1B4
  8
8
  6
BYLAYER
 62
  256
 10
832.8294770536075
 20
1488.966416871334
 30
0
  0
VERTEX
  5
1B5
  8
8
  6
BYLAYER
 62
  256
 10
828.3508865323383
 20
1472.835494153805
 30
0
  0
VERTEX
  5
1B6
  8
8
  6
BYLAYER
 62
  256
 10
824.0422059178674
 20
1456.618489413092
 30
0
  0
VERTEX
  5
1B7
  8
8
  6
BYLAYER
 62
  256
 10
821.4541178269972
 20
1445.769672658673
 30
0
  0
VERTEX
  5
1B8
  8
8
  6
BYLAYER
 62
  256
 10
819.7674147750135
 20
1437.612112528569
 30
0
  0
VERTEX
  5
1B9
  8
8
  6
BYLAYER
 62
  256
 10
818.7781232249282
 20
1432.165210090287
 30
0
  0
VERTEX
  5
1BA
  8
8
  6
BYLAYER
 62
  256
 10
817.9211769943005
 20
1426.711213334179
 30
0
  0
VERTEX
  5
1BB
  8
8
  6
BYLAYER
 62
  256
 10
817.2119566603
 20
1421.25032411151
 30
0
  0
VERTEX
  5
1BC
  8
8
  6
BYLAYER
 62
  256
 10
816.9246666666668
 20
1418.517083333333
 30
0
  0
VERTEX
  5
1BD
  8
8
  6
BYLAYER
 62
  256
 10
816.6792577282818
 20
1415.951589761693
 30
0
  0
VERTEX
  5
1BE
  8
8
  6
BYLAYER
 62
  256
 10
816.2908059099127
 20
1410.798411264328
 30
0
  0
VERTEX
  5
1BF
  8
8
  6
BYLAYER
 62
  256
 10
816.018685198368
 20
1405.621912025763
 30
0
  0
VERTEX
  5
1C0
  8
8
  6
BYLAYER
 62
  256
 10
815.8556643011405
 20
1400.425768583444
 30
0
  0
VERTEX
  5
1C1
  8
8
  6
BYLAYER
 62
  256
 10
815.7884989569023
 20
1392.604069571105
 30
0
  0
VERTEX
  5
1C2
  8
8
  6
BYLAYER
 62
  256
 10
816.0302805382602
 20
1382.138035913282
 30
0
  0
VERTEX
  5
1C3
  8
8
  6
BYLAYER
 62
  256
 10
816.5782981117522
 20
1371.659603114454
 30
0
  0
VERTEX
  5
1C4
  8
8
  6
BYLAYER
 62
  256
 10
817.3747013373189
 20
1361.19818347418
 30
0
  0
VERTEX
  5
1C5
  8
8
  6
BYLAYER
 62
  256
 10
818.3616398749009
 20
1350.783189292021
 30
0
  0
VERTEX
  5
1C6
  8
8
  6
BYLAYER
 62
  256
 10
819.4812633844386
 20
1340.44403286754
 30
0
  0
VERTEX
  5
1C7
  8
8
  6
BYLAYER
 62
  256
 10
820.0746666666668
 20
1335.317083333333
 30
0
  0
VERTEX
  5
1C8
  8
8
  6
BYLAYER
 62
  256
 10
820.4951999313965
 20
1331.99288136985
 30
0
  0
VERTEX
  5
1C9
  8
8
  6
BYLAYER
 62
  256
 10
821.6252882213023
 20
1325.358662405885
 30
0
  0
VERTEX
  5
1CA
  8
8
  6
BYLAYER
 62
  256
 10
823.0394823092308
 20
1318.742342423908
 30
0
  0
VERTEX
  5
1CB
  8
8
  6
BYLAYER
 62
  256
 10
824.6680929568334
 20
1312.144895897684
 30
0
  0
VERTEX
  5
1CC
  8
8
  6
BYLAYER
 62
  256
 10
827.3555705857643
 20
1302.283581794224
 30
0
  0
VERTEX
  5
1CD
  8
8
  6
BYLAYER
 62
  256
 10
831.0630203788361
 20
1289.213623161472
 30
0
  0
VERTEX
  5
1CE
  8
8
  6
BYLAYER
 62
  256
 10
832.7746666666668
 20
1282.717083333333
 30
0
  0
VERTEX
  5
1CF
  8
8
  6
BYLAYER
 62
  256
 10
833.1428411858662
 20
1281.319689822246
 30
0
  0
VERTEX
  5
1D0
  8
8
  6
BYLAYER
 62
  256
 10
833.982679409781
 20
1278.527203764892
 30
0
  0
VERTEX
  5
1D1
  8
8
  6
BYLAYER
 62
  256
 10
835.4173768390159
 20
1274.341545120782
 30
0
  0
VERTEX
  5
1D2
  8
8
  6
BYLAYER
 62
  256
 10
838.667622017824
 20
1265.970455893558
 30
0
  0
VERTEX
  5
1D3
  8
8
  6
BYLAYER
 62
  256
 10
841.8133206017148
 20
1257.571022040174
 30
0
  0
VERTEX
  5
1D4
  8
8
  6
BYLAYER
 62
  256
 10
843.1277894467946
 20
1253.35276707598
 30
0
  0
VERTEX
  5
1D5
  8
8
  6
BYLAYER
 62
  256
 10
843.8630810757921
 20
1250.531936392464
 30
0
  0
VERTEX
  5
1D6
  8
8
  6
BYLAYER
 62
  256
 10
844.4507829987036
 20
1247.702572003334
 30
0
  0
VERTEX
  5
1D7
  8
8
  6
BYLAYER
 62
  256
 10
844.8659615706944
 20
1244.863637682587
 30
0
  0
VERTEX
  5
1D8
  8
8
  6
BYLAYER
 62
  256
 10
845.0836831469287
 20
1242.014097204225
 30
0
  0
VERTEX
  5
1D9
  8
8
  6
BYLAYER
 62
  256
 10
845.0790140825717
 20
1239.152914342246
 30
0
  0
VERTEX
  5
1DA
  8
8
  6
BYLAYER
 62
  256
 10
844.9746666666667
 20
1237.717083333333
 30
0
  0
VERTEX
  5
1DB
  8
8
  6
BYLAYER
 62
  256
 10
844.9746666666667
 20
1237.717083333333
 30
0
  0
SEQEND
  5
1DC
  8
8
  6
BYLAYER
 62
  256
  0
POLYLINE
  5
1DD
  8
8
  6
BYLAYER
 62
  256
 66
    1
 10
0
 20
0
 30
0
 70
    0
  0
VERTEX
  5
1DE
  8
8
  6
BYLAYER
 62
  256
 10
311.1039297431852
 20
1614.102083333333
 30
0
  0
VERTEX
  5
1DF
  8
8
  6
BYLAYER
 62
  256
 10
311.1039297431852
 20
1614.102083333333
 30
0
  0
VERTEX
  5
1E0
  8
8
  6
BYLAYER
 62
  256
 10
311.1497149073542
 20
1613.235916341398
 30
0
  0
VERTEX
  5
1E1
  8
8
  6
BYLAYER
 62
  256
 10
311.7796844485226
 20
1605.077781119458
 30
0
  0
VERTEX
  5
1E2
  8
8
  6
BYLAYER
 62
  256
 10
312.2746666666667
 20
1599.717083333333
 30
0
  0
VERTEX
  5
1E3
  8
8
  6
BYLAYER
 62
  256
 10
312.5650299956775
 20
1596.749170250236
 30
0
  0
VERTEX
  5
1E4
  8
8
  6
BYLAYER
 62
  256
 10
313.2907732269428
 20
1590.797908241894
 30
0
  0
VERTEX
  5
1E5
  8
8
  6
BYLAYER
 62
  256
 10
314.1692587438557
 20
1584.836925765136
 30
0
  0
VERTEX
  5
1E6
  8
8
  6
BYLAYER
 62
  256
 10
315.1768447661441
 20
1578.876003422358
 30
0
  0
VERTEX
  5
1E7
  8
8
  6
BYLAYER
 62
  256
 10
316.8698213459742
 20
1569.953063772158
 30
0
  0
VERTEX
  5
1E8
  8
8
  6
BYLAYER
 62
  256
 10
319.3758950595405
 20
1558.148947119279
 30
0
  0
VERTEX
  5
1E9
  8
8
  6
BYLAYER
 62
  256
 10
320.6746666666668
 20
1552.317083333333
 30
0
  0
VERTEX
  5
1EA
  8
8
  6
BYLAYER
 62
  256
 10
321.3497957404919
 20
1549.358460104769
 30
0
  0
VERTEX
  5
1EB
  8
8
  6
BYLAYER
 62
  256
 10
322.8247153031622
 20
1543.438663712518
 30
0
  0
VERTEX
  5
1EC
  8
8
  6
BYLAYER
 62
  256
 10
325.2318418518023
 20
1534.556962005775
 30
0
  0
VERTEX
  5
1ED
  8
8
  6
BYLAYER
 62
  256
 10
328.6296689636706
 20
1522.721459275134
 30
0
  0
VERTEX
  5
1EE
  8
8
  6
BYLAYER
 62
  256
 10
331.9317913984709
 20
1510.908375867019
 30
0
  0
VERTEX
  5
1EF
  8
8
  6
BYLAYER
 62
  256
 10
333.4246666666668
 20
1505.017083333333
 30
0
  0
VERTEX
  5
1F0
  8
8
  6
BYLAYER
 62
  256
 10
334.7599123379779
 20
1499.677502388659
 30
0
  0
VERTEX
  5
1F1
  8
8
  6
BYLAYER
 62
  256
 10
337.619856279726
 20
1488.966416871334
 30
0
  0
VERTEX
  5
1F2
  8
8
  6
BYLAYER
 62
  256
 10
342.0984468009954
 20
1472.835494153805
 30
0
  0
VERTEX
  5
1F3
  8
8
  6
BYLAYER
 62
  256
 10
346.4071274154662
 20
1456.618489413092
 30
0
  0
VERTEX
  5
1F4
  8
8
  6
BYLAYER
 62
  256
 10
348.9952155063364
 20
1445.769672658673
 30
0
  0
VERTEX
  5
1F5
  8
8
  6
BYLAYER
 62
  256
 10
350.68191855832
 20
1437.612112528569
 30
0
  0
VERTEX
  5
1F6
  8
8
  6
BYLAYER
 62
  256
 10
351.6712101084053
 20
1432.165210090287
 30
0
  0
VERTEX
  5
1F7
  8
8
  6
BYLAYER
 62
  256
 10
352.5281563390333
 20
1426.711213334179
 30
0
  0
VERTEX
  5
1F8
  8
8
  6
BYLAYER
 62
  256
 10
353.2373766730336
 20
1421.25032411151
 30
0
  0
VERTEX
  5
1F9
  8
8
  6
BYLAYER
 62
  256
 10
353.5246666666667
 20
1418.517083333333
 30
0
  0
VERTEX
  5
1FA
  8
8
  6
BYLAYER
 62
  256
 10
353.7700756050518
 20
1415.951589761693
 30
0
  0
VERTEX
  5
1FB
  8
8
  6
BYLAYER
 62
  256
 10
354.1585274234208
 20
1410.798411264328
 30
0
  0
VERTEX
  5
1FC
  8
8
  6
BYLAYER
 62
  256
 10
354.4306481349655
 20
1405.621912025763
 30
0
  0
VERTEX
  5
1FD
  8
8
  6
BYLAYER
 62
  256
 10
354.5936690321931
 20
1400.425768583444
 30
0
  0
VERTEX
  5
1FE
  8
8
  6
BYLAYER
 62
  256
 10
354.6608343764311
 20
1392.604069571105
 30
0
  0
VERTEX
  5
1FF
  8
8
  6
BYLAYER
 62
  256
 10
354.4190527950734
 20
1382.138035913282
 30
0
  0
VERTEX
  5
200
  8
8
  6
BYLAYER
 62
  256
 10
353.8710352215814
 20
1371.659603114454
 30
0
  0
VERTEX
  5
201
  8
8
  6
BYLAYER
 62
  256
 10
353.0746319960146
 20
1361.19818347418
 30
0
  0
VERTEX
  5
202
  8
8
  6
BYLAYER
 62
  256
 10
352.0876934584326
 20
1350.783189292021
 30
0
  0
VERTEX
  5
203
  8
8
  6
BYLAYER
 62
  256
 10
350.9680699488949
 20
1340.44403286754
 30
0
  0
VERTEX
  5
204
  8
8
  6
BYLAYER
 62
  256
 10
350.3746666666668
 20
1335.317083333333
 30
0
  0
VERTEX
  5
205
  8
8
  6
BYLAYER
 62
  256
 10
349.9541334019371
 20
1331.99288136985
 30
0
  0
VERTEX
  5
206
  8
8
  6
BYLAYER
 62
  256
 10
348.8240451120312
 20
1325.358662405885
 30
0
  0
VERTEX
  5
207
  8
8
  6
BYLAYER
 62
  256
 10
347.4098510241028
 20
1318.742342423908
 30
0
  0
VERTEX
  5
208
  8
8
  6
BYLAYER
 62
  256
 10
345.7812403765001
 20
1312.144895897684
 30
0
  0
VERTEX
  5
209
  8
8
  6
BYLAYER
 62
  256
 10
343.0937627475692
 20
1302.283581794224
 30
0
  0
VERTEX
  5
20A
  8
8
  6
BYLAYER
 62
  256
 10
339.3863129544974
 20
1289.213623161472
 30
0
  0
VERTEX
  5
20B
  8
8
  6
BYLAYER
 62
  256
 10
337.6746666666668
 20
1282.717083333333
 30
0
  0
VERTEX
  5
20C
  8
8
  6
BYLAYER
 62
  256
 10
337.3064921474673
 20
1281.319689822246
 30
0
  0
VERTEX
  5
20D
  8
8
  6
BYLAYER
 62
  256
 10
336.4666539235525
 20
1278.527203764892
 30
0
  0
VERTEX
  5
20E
  8
8
  6
BYLAYER
 62
  256
 10
335.0319564943177
 20
1274.341545120782
 30
0
  0
VERTEX
  5
20F
  8
8
  6
BYLAYER
 62
  256
 10
331.7817113155095
 20
1265.970455893558
 30
0
  0
VERTEX
  5
210
  8
8
  6
BYLAYER
 62
  256
 10
328.6360127316187
 20
1257.571022040174
 30
0
  0
VERTEX
  5
211
  8
8
  6
BYLAYER
 62
  256
 10
327.3215438865388
 20
1253.35276707598
 30
0
  0
VERTEX
  5
212
  8
8
  6
BYLAYER
 62
  256
 10
326.5862522575416
 20
1250.531936392464
 30
0
  0
VERTEX
  5
213
  8
8
  6
BYLAYER
 62
  256
 10
325.9985503346299
 20
1247.702572003334
 30
0
  0
VERTEX
  5
214
  8
8
  6
BYLAYER
 62
  256
 10
325.5833717626392
 20
1244.863637682587
 30
0
  0
VERTEX
  5
215
  8
8
  6
BYLAYER
 62
  256
 10
325.3656501864048
 20
1242.014097204225
 30
0
  0
VERTEX
  5
216
  8
8
  6
BYLAYER
 62
  256
 10
325.3703192507619
 20
1239.152914342246
 30
0
  0
VERTEX
  5
217
  8
8
  6
BYLAYER
 62
  256
 10
325.4746666666668
 20
1237.717083333333
 30
0
  0
VERTEX
  5
218
  8
8
  6
BYLAYER
 62
  256
 10
325.4746666666668
 20
1237.717083333333
 30
0
  0
SEQEND
  5
219
  8
8
  6
BYLAYER
 62
  256
  0
POLYLINE
  5
21A
  8
8
  6
BYLAYER
 62
  256
 66
    1
 10
0
 20
0
 30
0
 70
    0
  0
VERTEX
  5
21B
  8
8
  6
BYLAYER
 62
  256
 10
844.9746666666667
 20
1237.717083333333
 30
0
  0
VERTEX
  5
21C
  8
8
  6
BYLAYER
 62
  256
 10
325.4746666666668
 20
1237.717083333333
 30
0
  0
SEQEND
  5
21D
  8
8
  6
BYLAYER
 62
  256
  0
POLYLINE
  5
21E
  8
8
  6
BYLAYER
 62
  256
 66
    1
 10
0
 20
0
 30
0
 70
    0
  0
VERTEX
  5
21F
  8
8
  6
BYLAYER
 62
  256
 10
832.7746666666668
 20
1282.717083333333
 30
0
  0
VERTEX
  5
220
  8
8
  6
BYLAYER
 62
  256
 10
337.6746666666668
 20
1282.717083333333
 30
0
  0
SEQEND
  5
221
  8
8
  6
BYLAYER
 62
  256
  0
POLYLINE
  5
222
  8
8
  6
BYLAYER
 62
  256
 66
    1
 10
0
 20
0
 30
0
 70
    0
  0
VERTEX
  5
223
  8
8
  6
BYLAYER
 62
  256
 10
820.0746666666668
 20
1335.317083333333
 30
0
  0
VERTEX
  5
224
  8
8
  6
BYLAYER
 62
  256
 10
350.3746666666668
 20
1335.317083333333
 30
0
  0
SEQEND
  5
225
  8
8
  6
BYLAYER
 62
  256
  0
POLYLINE
  5
226
  8
8
  6
BYLAYER
 62
  256
 66
    1
 10
0
 20
0
 30
0
 70
    0
  0
VERTEX
  5
227
  8
8
  6
BYLAYER
 62
  256
 10
816.9246666666668
 20
1418.517083333333
 30
0
  0
VERTEX
  5
228
  8
8
  6
BYLAYER
 62
  256
 10
353.5246666666667
 20
1418.517083333333
 30
0
  0
SEQEND
  5
229
  8
8
  6
BYLAYER
 62
  256
  0
POLYLINE
  5
22A
  8
8
  6
BYLAYER
 62
  256
 66
    1
 10
0
 20
0
 30
0
 70
    0
  0
VERTEX
  5
22B
  8
8
  6
BYLAYER
 62
  256
 10
837.0246666666667
 20
1505.017083333333
 30
0
  0
VERTEX
  5
22C
  8
8
  6
BYLAYER
 62
  256
 10
333.4246666666668
 20
1505.017083333333
 30
0
  0
SEQEND
  5
22D
  8
8
  6
BYLAYER
 62
  256
  0
POLYLINE
  5
22E
  8
8
  6
BYLAYER
 62
  256
 66
    1
 10
0
 20
0
 30
0
 70
    0
  0
VERTEX
  5
22F
  8
8
  6
BYLAYER
 62
  256
 10
849.7746666666667
 20
1552.317083333333
 30
0
  0
VERTEX
  5
230
  8
8
  6
BYLAYER
 62
  256
 10
320.6746666666668
 20
1552.317083333333
 30
0
  0
SEQEND
  5
231
  8
8
  6
BYLAYER
 62
  256
  0
POLYLINE
  5
232
  8
8
  6
BYLAYER
 62
  256
 66
    1
 10
0
 20
0
 30
0
 70
    0
  0
VERTEX
  5
233
  8
8
  6
BYLAYER
 62
  256
 10
672.2512639725866
 20
1027.372743371252
 30
0
  0
VERTEX
  5
234
  8
8
  6
BYLAYER
 62
  256
 10
672.2512639725866
 20
1027.372743371252
 30
0
  0
VERTEX
  5
235
  8
8
  6
BYLAYER
 62
  256
 10
671.4220189687042
 20
1029.110469756763
 30
0
  0
VERTEX
  5
236
  8
8
  6
BYLAYER
 62
  256
 10
668.9712343113221
 20
1033.871713861409
 30
0
  0
VERTEX
  5
237
  8
8
  6
BYLAYER
 62
  256
 10
666.4409306470508
 20
1038.427331772338
 30
0
  0
VERTEX
  5
238
  8
8
  6
BYLAYER
 62
  256
 10
663.8315739640219
 20
1042.778588192012
 30
0
  0
VERTEX
  5
239
  8
8
  6
BYLAYER
 62
  256
 10
661.1436302503672
 20
1046.926747822892
 30
0
  0
VERTEX
  5
23A
  8
8
  6
BYLAYER
 62
  256
 10
658.3775654942184
 20
1050.873075367439
 30
0
  0
VERTEX
  5
23B
  8
8
  6
BYLAYER
 62
  256
 10
655.533845683707
 20
1054.618835528112
 30
0
  0
VERTEX
  5
23C
  8
8
  6
BYLAYER
 62
  256
 10
652.6129368069649
 20
1058.165293007374
 30
0
  0
VERTEX
  5
23D
  8
8
  6
BYLAYER
 62
  256
 10
649.6153048521235
 20
1061.513712507686
 30
0
  0
VERTEX
  5
23E
  8
8
  6
BYLAYER
 62
  256
 10
646.5414158073147
 20
1064.665358731507
 30
0
  0
VERTEX
  5
23F
  8
8
  6
BYLAYER
 62
  256
 10
643.3917356606701
 20
1067.621496381298
 30
0
  0
VERTEX
  5
240
  8
8
  6
BYLAYER
 62
  256
 10
640.1667304003213
 20
1070.383390159522
 30
0
  0
VERTEX
  5
241
  8
8
  6
BYLAYER
 62
  256
 10
636.8668660144002
 20
1072.952304768638
 30
0
  0
VERTEX
  5
242
  8
8
  6
BYLAYER
 62
  256
 10
633.4926084910384
 20
1075.329504911107
 30
0
  0
VERTEX
  5
243
  8
8
  6
BYLAYER
 62
  256
 10
630.0444238183674
 20
1077.516255289391
 30
0
  0
VERTEX
  5
244
  8
8
  6
BYLAYER
 62
  256
 10
626.5227779845191
 20
1079.513820605949
 30
0
  0
VERTEX
  5
245
  8
8
  6
BYLAYER
 62
  256
 10
622.9281369776251
 20
1081.323465563243
 30
0
  0
VERTEX
  5
246
  8
8
  6
BYLAYER
 62
  256
 10
619.260966785817
 20
1082.946454863735
 30
0
  0
VERTEX
  5
247
  8
8
  6
BYLAYER
 62
  256
 10
615.5217333972265
 20
1084.384053209883
 30
0
  0
VERTEX
  5
248
  8
8
  6
BYLAYER
 62
  256
 10
611.7109027999854
 20
1085.63752530415
 30
0
  0
VERTEX
  5
249
  8
8
  6
BYLAYER
 62
  256
 10
607.8289409822255
 20
1086.708135848997
 30
0
  0
VERTEX
  5
24A
  8
8
  6
BYLAYER
 62
  256
 10
603.8763139320781
 20
1087.597149546883
 30
0
  0
VERTEX
  5
24B
  8
8
  6
BYLAYER
 62
  256
 10
599.8534876376751
 20
1088.305831100271
 30
0
  0
VERTEX
  5
24C
  8
8
  6
BYLAYER
 62
  256
 10
595.7609280871482
 20
1088.83544521162
 30
0
  0
VERTEX
  5
24D
  8
8
  6
BYLAYER
 62
  256
 10
591.5991012686289
 20
1089.187256583392
 30
0
  0
VERTEX
  5
24E
  8
8
  6
BYLAYER
 62
  256
 10
587.3684731702491
 20
1089.362529918048
 30
0
  0
VERTEX
  5
24F
  8
8
  6
BYLAYER
 62
  256
 10
585.2246666666667
 20
1089.377083333333
 30
0
  0
VERTEX
  5
250
  8
8
  6
BYLAYER
 62
  256
 10
585.2246666666667
 20
1089.377083333333
 30
0
  0
VERTEX
  5
251
  8
8
  6
BYLAYER
 62
  256
 10
585.2246666666667
 20
1089.377083333333
 30
0
  0
VERTEX
  5
252
  8
8
  6
BYLAYER
 62
  256
 10
583.0808601630844
 20
1089.362529918048
 30
0
  0
VERTEX
  5
253
  8
8
  6
BYLAYER
 62
  256
 10
578.8502320647046
 20
1089.187256583392
 30
0
  0
VERTEX
  5
254
  8
8
  6
BYLAYER
 62
  256
 10
574.6884052461854
 20
1088.83544521162
 30
0
  0
VERTEX
  5
255
  8
8
  6
BYLAYER
 62
  256
 10
570.5958456956585
 20
1088.305831100271
 30
0
  0
VERTEX
  5
256
  8
8
  6
BYLAYER
 62
  256
 10
566.5730194012555
 20
1087.597149546883
 30
0
  0
VERTEX
  5
257
  8
8
  6
BYLAYER
 62
  256
 10
562.620392351108
 20
1086.708135848997
 30
0
  0
VERTEX
  5
258
  8
8
  6
BYLAYER
 62
  256
 10
558.738430533348
 20
1085.63752530415
 30
0
  0
VERTEX
  5
259
  8
8
  6
BYLAYER
 62
  256
 10
554.927599936107
 20
1084.384053209883
 30
0
  0
VERTEX
  5
25A
  8
8
  6
BYLAYER
 62
  256
 10
551.1883665475166
 20
1082.946454863735
 30
0
  0
VERTEX
  5
25B
  8
8
  6
BYLAYER
 62
  256
 10
547.5211963557084
 20
1081.323465563243
 30
0
  0
VERTEX
  5
25C
  8
8
  6
BYLAYER
 62
  256
 10
543.9265553488145
 20
1079.513820605949
 30
0
  0
VERTEX
  5
25D
  8
8
  6
BYLAYER
 62
  256
 10
540.4049095149661
 20
1077.516255289391
 30
0
  0
VERTEX
  5
25E
  8
8
  6
BYLAYER
 62
  256
 10
536.9567248422951
 20
1075.329504911107
 30
0
  0
VERTEX
  5
25F
  8
8
  6
BYLAYER
 62
  256
 10
533.5824673189333
 20
1072.952304768638
 30
0
  0
VERTEX
  5
260
  8
8
  6
BYLAYER
 62
  256
 10
530.2826029330122
 20
1070.383390159522
 30
0
  0
VERTEX
  5
261
  8
8
  6
BYLAYER
 62
  256
 10
527.0575976726635
 20
1067.621496381298
 30
0
  0
VERTEX
  5
262
  8
8
  6
BYLAYER
 62
  256
 10
523.9079175260189
 20
1064.665358731507
 30
0
  0
VERTEX
  5
263
  8
8
  6
BYLAYER
 62
  256
 10
520.8340284812101
 20
1061.513712507686
 30
0
  0
VERTEX
  5
264
  8
8
  6
BYLAYER
 62
  256
 10
517.8363965263687
 20
1058.165293007374
 30
0
  0
VERTEX
  5
265
  8
8
  6
BYLAYER
 62
  256
 10
514.9154876496265
 20
1054.618835528112
 30
0
  0
VERTEX
  5
266
  8
8
  6
BYLAYER
 62
  256
 10
512.0717678391151
 20
1050.873075367439
 30
0
  0
VERTEX
  5
267
  8
8
  6
BYLAYER
 62
  256
 10
509.3057030829663
 20
1046.926747822892
 30
0
  0
VERTEX
  5
268
  8
8
  6
BYLAYER
 62
  256
 10
506.6177593693116
 20
1042.778588192012
 30
0
  0
VERTEX
  5
269
  8
8
  6
BYLAYER
 62
  256
 10
504.0084026862827
 20
1038.427331772338
 30
0
  0
VERTEX
  5
26A
  8
8
  6
BYLAYER
 62
  256
 10
501.4780990220115
 20
1033.871713861409
 30
0
  0
VERTEX
  5
26B
  8
8
  6
BYLAYER
 62
  256
 10
499.0273143646294
 20
1029.110469756763
 30
0
  0
VERTEX
  5
26C
  8
8
  6
BYLAYER
 62
  256
 10
498.198069360747
 20
1027.372743371252
 30
0
  0
VERTEX
  5
26D
  8
8
  6
BYLAYER
 62
  256
 10
498.198069360747
 20
1027.372743371252
 30
0
  0
SEQEND
  5
26E
  8
8
  6
BYLAYER
 62
  256
  0
POLYLINE
  5
26F
  8
8
  6
BYLAYER
 62
  256
 66
    1
 10
0
 20
0
 30
0
 70
    0
  0
VERTEX
  5
270
  8
8
  6
BYLAYER
 62
  256
 10
771.7036166666668
 20
1405.228733333333
 30
0
  0
VERTEX
  5
271
  8
8
  6
BYLAYER
 62
  256
 10
799.8279100250242
 20
1562.737539827107
 30
0
  0
SEQEND
  5
272
  8
8
  6
BYLAYER
 62
  256
  0
POLYLINE
  5
273
  8
8
  6
BYLAYER
 62
  256
 66
    1
 10
0
 20
0
 30
0
 70
    0
  0
VERTEX
  5
274
  8
8
  6
BYLAYER
 62
  256
 10
398.7457166666668
 20
1405.228733333333
 30
0
  0
VERTEX
  5
275
  8
8
  6
BYLAYER
 62
  256
 10
370.6214233083095
 20
1562.737539827107
 30
0
  0
SEQEND
  5
276
  8
8
  6
BYLAYER
 62
  256
  0
POLYLINE
  5
277
  8
8
  6
BYLAYER
 62
  256
 66
    1
 10
0
 20
0
 30
0
 70
    0
  0
VERTEX
  5
278
  8
8
  6
BYLAYER
 62
  256
 10
830.6851190567585
 20
1614.102083333333
 30
0
  0
VERTEX
  5
279
  8
8
  6
BYLAYER
 62
  256
 10
830.6851190567585
 20
1614.102083333333
 30
0
  0
VERTEX
  5
27A
  8
8
  6
BYLAYER
 62
  256
 10
830.0845052698347
 20
1607.811156405546
 30
0
  0
VERTEX
  5
27B
  8
8
  6
BYLAYER
 62
  256
 10
829.751750355694
 20
1602.408978250949
 30
0
  0
VERTEX
  5
27C
  8
8
  6
BYLAYER
 62
  256
 10
829.6746666666668
 20
1599.717083333333
 30
0
  0
VERTEX
  5
27D
  8
8
  6
BYLAYER
 62
  256
 10
829.5795530903295
 20
1593.83018442073
 30
0
  0
VERTEX
  5
27E
  8
8
  6
BYLAYER
 62
  256
 10
829.6847144186423
 20
1581.942497311082
 30
0
  0
VERTEX
  5
27F
  8
8
  6
BYLAYER
 62
  256
 10
830.0271080971301
 20
1572.998156163298
 30
0
  0
VERTEX
  5
280
  8
8
  6
BYLAYER
 62
  256
 10
830.3746463898186
 20
1567.047799832137
 30
0
  0
VERTEX
  5
281
  8
8
  6
BYLAYER
 62
  256
 10
830.8289409922046
 20
1561.123095062389
 30
0
  0
VERTEX
  5
282
  8
8
  6
BYLAYER
 62
  256
 10
831.394210454381
 20
1555.237953097483
 30
0
  0
VERTEX
  5
283
  8
8
  6
BYLAYER
 62
  256
 10
831.7246666666668
 20
1552.317083333333
 30
0
  0
VERTEX
  5
284
  8
8
  6
BYLAYER
 62
  256
 10
832.1075468956202
 20
1549.359096243782
 30
0
  0
VERTEX
  5
285
  8
8
  6
BYLAYER
 62
  256
 10
833.1850562527073
 20
1543.452169217368
 30
0
  0
VERTEX
  5
286
  8
8
  6
BYLAYER
 62
  256
 10
835.2376062232263
 20
1534.603027583304
 30
0
  0
VERTEX
  5
287
  8
8
  6
BYLAYER
 62
  256
 10
837.4546261146149
 20
1525.753674059945
 30
0
  0
VERTEX
  5
288
  8
8
  6
BYLAYER
 62
  256
 10
838.7952873450935
 20
1519.846408010657
 30
0
  0
VERTEX
  5
289
  8
8
  6
BYLAYER
 62
  256
 10
839.8805795536397
 20
1513.927659977586
 30
0
  0
VERTEX
  5
28A
  8
8
  6
BYLAYER
 62
  256
 10
840.434678797523
 20
1509.477713316563
 30
0
  0
VERTEX
  5
28B
  8
8
  6
BYLAYER
 62
  256
 10
840.6653642639923
 20
1506.505453851666
 30
0
  0
VERTEX
  5
28C
  8
8
  6
BYLAYER
 62
  256
 10
840.7246666666667
 20
1505.017083333333
 30
0
  0
VERTEX
  5
28D
  8
8
  6
BYLAYER
 62
  256
 10
840.7981491658444
 20
1502.336801774769
 30
0
  0
VERTEX
  5
28E
  8
8
  6
BYLAYER
 62
  256
 10
840.8366415633659
 20
1496.962293097104
 30
0
  0
VERTEX
  5
28F
  8
8
  6
BYLAYER
 62
  256
 10
840.6923698971273
 20
1488.875068346145
 30
0
  0
VERTEX
  5
290
  8
8
  6
BYLAYER
 62
  256
 10
840.1612443610061
 20
1478.051285864585
 30
0
  0
VERTEX
  5
291
  8
8
  6
BYLAYER
 62
  256
 10
839.3763719329165
 20
1467.200153745917
 30
0
  0
VERTEX
  5
292
  8
8
  6
BYLAYER
 62
  256
 10
837.982496223049
 20
1450.909334373544
 30
0
  0
VERTEX
  5
293
  8
8
  6
BYLAYER
 62
  256
 10
836.712553260632
 20
1434.66260981029
 30
0
  0
VERTEX
  5
294
  8
8
  6
BYLAYER
 62
  256
 10
836.1259732284632
 20
1423.882029386215
 30
0
  0
VERTEX
  5
295
  8
8
  6
BYLAYER
 62
  256
 10
835.9746666666667
 20
1418.517083333333
 30
0
  0
VERTEX
  5
296
  8
8
  6
BYLAYER
 62
  256
 10
835.8428894032925
 20
1413.360112283511
 30
0
  0
VERTEX
  5
297
  8
8
  6
BYLAYER
 62
  256
 10
835.4444839916716
 20
1402.965389768358
 30
0
  0
VERTEX
  5
298
  8
8
  6
BYLAYER
 62
  256
 10
834.9934535426
 20
1392.504445353386
 30
0
  0
VERTEX
  5
299
  8
8
  6
BYLAYER
 62
  256
 10
834.6111269720731
 20
1382.011406370584
 30
0
  0
VERTEX
  5
29A
  8
8
  6
BYLAYER
 62
  256
 10
834.4188331960855
 20
1371.520400151945
 30
0
  0
VERTEX
  5
29B
  8
8
  6
BYLAYER
 62
  256
 10
834.4848825114631
 20
1363.675939074944
 30
0
  0
VERTEX
  5
29C
  8
8
  6
BYLAYER
 62
  256
 10
834.6450060781198
 20
1358.463954912485
 30
0
  0
VERTEX
  5
29D
  8
8
  6
BYLAYER
 62
  256
 10
834.9208853586587
 20
1353.271675565311
 30
0
  0
VERTEX
  5
29E
  8
8
  6
BYLAYER
 62
  256
 10
835.3276864675794
 20
1348.103366949921
 30
0
  0
VERTEX
  5
29F
  8
8
  6
BYLAYER
 62
  256
 10
835.8805755193811
 20
1342.963294982812
 30
0
  0
VERTEX
  5
2A0
  8
8
  6
BYLAYER
 62
  256
 10
836.5947186285631
 20
1337.855725580485
 30
0
  0
VERTEX
  5
2A1
  8
8
  6
BYLAYER
 62
  256
 10
837.0246666666667
 20
1335.317083333333
 30
0
  0
VERTEX
  5
2A2
  8
8
  6
BYLAYER
 62
  256
 10
837.3530721717475
 20
1333.575791428609
 30
0
  0
VERTEX
  5
2A3
  8
8
  6
BYLAYER
 62
  256
 10
838.2111723730463
 20
1330.145183614179
 30
0
  0
VERTEX
  5
2A4
  8
8
  6
BYLAYER
 62
  256
 10
839.2841768521871
 20
1326.769989799143
 30
0
  0
VERTEX
  5
2A5
  8
8
  6
BYLAYER
 62
  256
 10
840.5424825519212
 20
1323.442479767248
 30
0
  0
VERTEX
  5
2A6
  8
8
  6
BYLAYER
 62
  256
 10
841.9564864150008
 20
1320.154923302242
 30
0
  0
VERTEX
  5
2A7
  8
8
  6
BYLAYER
 62
  256
 10
843.4965853841778
 20
1316.899590187872
 30
0
  0
VERTEX
  5
2A8
  8
8
  6
BYLAYER
 62
  256
 10
845.9718945412731
 20
1312.058487224459
 30
0
  0
VERTEX
  5
2A9
  8
8
  6
BYLAYER
 62
  256
 10
849.4534264292331
 20
1305.64839850451
 30
0
  0
VERTEX
  5
2AA
  8
8
  6
BYLAYER
 62
  256
 10
852.9064837111159
 20
1299.228059294564
 30
0
  0
VERTEX
  5
2AB
  8
8
  6
BYLAYER
 62
  256
 10
855.3212843302975
 20
1294.365174039907
 30
0
  0
VERTEX
  5
2AC
  8
8
  6
BYLAYER
 62
  256
 10
856.8044340873203
 20
1291.089339945543
 30
0
  0
VERTEX
  5
2AD
  8
8
  6
BYLAYER
 62
  256
 10
858.1472514352072
 20
1287.776157255544
 30
0
  0
VERTEX
  5
2AE
  8
8
  6
BYLAYER
 62
  256
 10
859.32013331671
 20
1284.417895753657
 30
0
  0
VERTEX
  5
2AF
  8
8
  6
BYLAYER
 62
  256
 10
859.824666666667
 20
1282.717083333333
 30
0
  0
VERTEX
  5
2B0
  8
8
  6
BYLAYER
 62
  256
 10
861.3730401126585
 20
1277.274346210647
 30
0
  0
VERTEX
  5
2B1
  8
8
  6
BYLAYER
 62
  256
 10
862.1867222754796
 20
1274.086552740033
 30
0
  0
VERTEX
  5
2B2
  8
8
  6
BYLAYER
 62
  256
 10
862.1867222754796
 20
1274.086552740033
 30
0
  0
SEQEND
  5
2B3
  8
8
  6
BYLAYER
 62
  256
  0
POLYLINE
  5
2B4
  8
8
  6
BYLAYER
 62
  256
 66
    1
 10
0
 20
0
 30
0
 70
    0
  0
VERTEX
  5
2B5
  8
8
  6
BYLAYER
 62
  256
 10
339.764214276575
 20
1614.102083333333
 30
0
  0
VERTEX
  5
2B6
  8
8
  6
BYLAYER
 62
  256
 10
339.764214276575
 20
1614.102083333333
 30
0
  0
VERTEX
  5
2B7
  8
8
  6
BYLAYER
 62
  256
 10
340.3648280634988
 20
1607.811156405546
 30
0
  0
VERTEX
  5
2B8
  8
8
  6
BYLAYER
 62
  256
 10
340.6975829776396
 20
1602.408978250949
 30
0
  0
VERTEX
  5
2B9
  8
8
  6
BYLAYER
 62
  256
 10
340.7746666666668
 20
1599.717083333333
 30
0
  0
VERTEX
  5
2BA
  8
8
  6
BYLAYER
 62
  256
 10
340.8697802430041
 20
1593.83018442073
 30
0
  0
VERTEX
  5
2BB
  8
8
  6
BYLAYER
 62
  256
 10
340.7646189146913
 20
1581.942497311082
 30
0
  0
VERTEX
  5
2BC
  8
8
  6
BYLAYER
 62
  256
 10
340.4222252362035
 20
1572.998156163298
 30
0
  0
VERTEX
  5
2BD
  8
8
  6
BYLAYER
 62
  256
 10
340.0746869435149
 20
1567.047799832137
 30
0
  0
VERTEX
  5
2BE
  8
8
  6
BYLAYER
 62
  256
 10
339.620392341129
 20
1561.123095062389
 30
0
  0
VERTEX
  5
2BF
  8
8
  6
BYLAYER
 62
  256
 10
339.0551228789526
 20
1555.237953097483
 30
0
  0
VERTEX
  5
2C0
  8
8
  6
BYLAYER
 62
  256
 10
338.7246666666667
 20
1552.317083333333
 30
0
  0
VERTEX
  5
2C1
  8
8
  6
BYLAYER
 62
  256
 10
338.3417864377133
 20
1549.359096243782
 30
0
  0
VERTEX
  5
2C2
  8
8
  6
BYLAYER
 62
  256
 10
337.2642770806262
 20
1543.452169217368
 30
0
  0
VERTEX
  5
2C3
  8
8
  6
BYLAYER
 62
  256
 10
335.2117271101071
 20
1534.603027583304
 30
0
  0
VERTEX
  5
2C4
  8
8
  6
BYLAYER
 62
  256
 10
332.9947072187185
 20
1525.753674059945
 30
0
  0
VERTEX
  5
2C5
  8
8
  6
BYLAYER
 62
  256
 10
331.6540459882401
 20
1519.846408010657
 30
0
  0
VERTEX
  5
2C6
  8
8
  6
BYLAYER
 62
  256
 10
330.5687537796938
 20
1513.927659977586
 30
0
  0
VERTEX
  5
2C7
  8
8
  6
BYLAYER
 62
  256
 10
330.0146545358106
 20
1509.477713316563
 30
0
  0
VERTEX
  5
2C8
  8
8
  6
BYLAYER
 62
  256
 10
329.7839690693413
 20
1506.505453851666
 30
0
  0
VERTEX
  5
2C9
  8
8
  6
BYLAYER
 62
  256
 10
329.7246666666668
 20
1505.017083333333
 30
0
  0
VERTEX
  5
2CA
  8
8
  6
BYLAYER
 62
  256
 10
329.6511841674891
 20
1502.336801774769
 30
0
  0
VERTEX
  5
2CB
  8
8
  6
BYLAYER
 62
  256
 10
329.6126917699677
 20
1496.962293097104
 30
0
  0
VERTEX
  5
2CC
  8
8
  6
BYLAYER
 62
  256
 10
329.7569634362063
 20
1488.875068346145
 30
0
  0
VERTEX
  5
2CD
  8
8
  6
BYLAYER
 62
  256
 10
330.2880889723275
 20
1478.051285864585
 30
0
  0
VERTEX
  5
2CE
  8
8
  6
BYLAYER
 62
  256
 10
331.0729614004171
 20
1467.200153745917
 30
0
  0
VERTEX
  5
2CF
  8
8
  6
BYLAYER
 62
  256
 10
332.4668371102845
 20
1450.909334373544
 30
0
  0
VERTEX
  5
2D0
  8
8
  6
BYLAYER
 62
  256
 10
333.7367800727015
 20
1434.66260981029
 30
0
  0
VERTEX
  5
2D1
  8
8
  6
BYLAYER
 62
  256
 10
334.3233601048702
 20
1423.882029386215
 30
0
  0
VERTEX
  5
2D2
  8
8
  6
BYLAYER
 62
  256
 10
334.4746666666668
 20
1418.517083333333
 30
0
  0
VERTEX
  5
2D3
  8
8
  6
BYLAYER
 62
  256
 10
334.6064439300412
 20
1413.360112283511
 30
0
  0
VERTEX
  5
2D4
  8
8
  6
BYLAYER
 62
  256
 10
335.004849341662
 20
1402.965389768358
 30
0
  0
VERTEX
  5
2D5
  8
8
  6
BYLAYER
 62
  256
 10
335.4558797907335
 20
1392.504445353386
 30
0
  0
VERTEX
  5
2D6
  8
8
  6
BYLAYER
 62
  256
 10
335.8382063612606
 20
1382.011406370584
 30
0
  0
VERTEX
  5
2D7
  8
8
  6
BYLAYER
 62
  256
 10
336.030500137248
 20
1371.520400151945
 30
0
  0
VERTEX
  5
2D8
  8
8
  6
BYLAYER
 62
  256
 10
335.9644508218705
 20
1363.675939074944
 30
0
  0
VERTEX
  5
2D9
  8
8
  6
BYLAYER
 62
  256
 10
335.8043272552138
 20
1358.463954912485
 30
0
  0
VERTEX
  5
2DA
  8
8
  6
BYLAYER
 62
  256
 10
335.5284479746749
 20
1353.271675565311
 30
0
  0
VERTEX
  5
2DB
  8
8
  6
BYLAYER
 62
  256
 10
335.1216468657543
 20
1348.103366949921
 30
0
  0
VERTEX
  5
2DC
  8
8
  6
BYLAYER
 62
  256
 10
334.5687578139525
 20
1342.963294982812
 30
0
  0
VERTEX
  5
2DD
  8
8
  6
BYLAYER
 62
  256
 10
333.8546147047704
 20
1337.855725580485
 30
0
  0
VERTEX
  5
2DE
  8
8
  6
BYLAYER
 62
  256
 10
333.4246666666668
 20
1335.317083333333
 30
0
  0
VERTEX
  5
2DF
  8
8
  6
BYLAYER
 62
  256
 10
333.096261161586
 20
1333.575791428609
 30
0
  0
VERTEX
  5
2E0
  8
8
  6
BYLAYER
 62
  256
 10
332.2381609602871
 20
1330.145183614179
 30
0
  0
VERTEX
  5
2E1
  8
8
  6
BYLAYER
 62
  256
 10
331.1651564811464
 20
1326.769989799143
 30
0
  0
VERTEX
  5
2E2
  8
8
  6
BYLAYER
 62
  256
 10
329.9068507814123
 20
1323.442479767248
 30
0
  0
VERTEX
  5
2E3
  8
8
  6
BYLAYER
 62
  256
 10
328.4928469183327
 20
1320.154923302242
 30
0
  0
VERTEX
  5
2E4
  8
8
  6
BYLAYER
 62
  256
 10
326.9527479491558
 20
1316.899590187872
 30
0
  0
VERTEX
  5
2E5
  8
8
  6
BYLAYER
 62
  256
 10
324.4774387920605
 20
1312.058487224459
 30
0
  0
VERTEX
  5
2E6
  8
8
  6
BYLAYER
 62
  256
 10
320.9959069041005
 20
1305.64839850451
 30
0
  0
VERTEX
  5
2E7
  8
8
  6
BYLAYER
 62
  256
 10
317.5428496222177
 20
1299.228059294564
 30
0
  0
VERTEX
  5
2E8
  8
8
  6
BYLAYER
 62
  256
 10
315.1280490030361
 20
1294.365174039907
 30
0
  0
VERTEX
  5
2E9
  8
8
  6
BYLAYER
 62
  256
 10
313.6448992460133
 20
1291.089339945543
 30
0
  0
VERTEX
  5
2EA
  8
8
  6
BYLAYER
 62
  256
 10
312.3020818981265
 20
1287.776157255544
 30
0
  0
VERTEX
  5
2EB
  8
8
  6
BYLAYER
 62
  256
 10
311.1292000166235
 20
1284.417895753657
 30
0
  0
VERTEX
  5
2EC
  8
8
  6
BYLAYER
 62
  256
 10
310.6246666666667
 20
1282.717083333333
 30
0
  0
VERTEX
  5
2ED
  8
8
  6
BYLAYER
 62
  256
 10
309.0762932206751
 20
1277.274346210647
 30
0
  0
VERTEX
  5
2EE
  8
8
  6
BYLAYER
 62
  256
 10
308.2626110578539
 20
1274.086552740034
 30
0
  0
VERTEX
  5
2EF
  8
8
  6
BYLAYER
 62
  256
 10
308.2626110578539
 20
1274.086552740034
 30
0
  0
SEQEND
  5
2F0
  8
8
  6
BYLAYER
 62
  256
  0
LINE
  5
2F1
  8
7
  6
BYLAYER
 62
  256
 10
585.2246666666667
 20
1602.195833333333
 11
585.2246666666667
 21
1050.423333333333
  0
TEXT
  5
2F2
  8
1
  6
BYLAYER
 62
  256
 10
635.2246666666667
 20
1265.217083333333
 30
0
 40
2.5
  1
Piece Name: Raglan Bk
 50
0
 41
1
 51
0
  7
STANDARD
 71
    0
210
0
220
0
230
1
  0
TEXT
  5
2F3
  8
1
  6
BYLAYER
 62
  256
 10
635.2246666666667
 20
1262.717083333333
 30
0
 40
2.5
  1
File Name: GBlock-201-Sweatshirt-Parametric-Scalable-V2-Hood-SG-EXTRA
 50
0
 41
1
 51
0
  7
STANDARD
 71
    0
210
0
220
0
230
1
  0
TEXT
  5
2F4
  8
1
  6
BYLAYER
 62
  256
 10
635.2246666666667
 20
1260.217083333333
 30
0
 40
2.5
  1
Measurement Name: SG-EXTRA
 50
0
 41
1
 51
0
  7
STANDARD
 71
    0
210
0
220
0
230
1
  0
TEXT
  5
2F5
  8
1
  6
BYLAYER
 62
  256
 10
635.2246666666667
 20
1257.717083333333
 30
0
 40
2.5
  1
Date: 10-30-2025
 50
0
 41
1
 51
0
  7
STANDARD
 71
    0
210
0
220
0
230
1
  0
ENDBLK
  8
1
  0
BLOCK
  8
1
  2
RAGLAN_FR_CF_ZIP
 70
    0
 10
0
 20
0
  3
RAGLAN_FR_CF_ZIP
  1

  0
POLYLINE
  5
2F6
  8
1
  6
BYLAYER
 62
  256
 66
    1
 10
0
 20
0
 30
0
 70
    1
  0
VERTEX
  5
2F7
  8
1
  6
BYLAYER
 62
  256
 10
89.87423274367129
 20
715.1563488588819
 30
0
  0
VERTEX
  5
2F8
  8
1
  6
BYLAYER
 62
  256
 10
102.2387233232911
 20
1253.671696597212
 30
0
  0
VERTEX
  5
2F9
  8
1
  6
BYLAYER
 62
  256
 10
114.2125511796187
 20
1253.478089087493
 30
0
  0
VERTEX
  5
2FA
  8
1
  6
BYLAYER
 62
  256
 10
118.1746950623812
 20
1253.551197543677
 30
0
  0
VERTEX
  5
2FB
  8
1
  6
BYLAYER
 62
  256
 10
122.0385201899164
 20
1253.788642401368
 30
0
  0
VERTEX
  5
2FC
  8
1
  6
BYLAYER
 62
  256
 10
125.8287132752357
 20
1254.190908236084
 30
0
  0
VERTEX
  5
2FD
  8
1
  6
BYLAYER
 62
  256
 10
129.5464994530987
 20
1254.758196197929
 30
0
  0
VERTEX
  5
2FE
  8
1
  6
BYLAYER
 62
  256
 10
133.1933870607978
 20
1255.490926154798
 30
0
  0
VERTEX
  5
2FF
  8
1
  6
BYLAYER
 62
  256
 10
136.7711286363882
 20
1256.389797449694
 30
0
  0
VERTEX
  5
300
  8
1
  6
BYLAYER
 62
  256
 10
140.2816624336859
 20
1257.455840856574
 30
0
  0
VERTEX
  5
301
  8
1
  6
BYLAYER
 62
  256
 10
143.7270368350564
 20
1258.690455795715
 30
0
  0
VERTEX
  5
302
  8
1
  6
BYLAYER
 62
  256
 10
147.1093224289005
 20
1260.095427778527
 30
0
  0
VERTEX
  5
303
  8
1
  6
BYLAYER
 62
  256
 10
150.4305184956207
 20
1261.672922894956
 30
0
  0
VERTEX
  5
304
  8
1
  6
BYLAYER
 62
  256
 10
153.6924617686806
 20
1263.425458695703
 30
0
  0
VERTEX
  5
305
  8
1
  6
BYLAYER
 62
  256
 10
156.8967453130938
 20
1265.355853618705
 30
0
  0
VERTEX
  5
306
  8
1
  6
BYLAYER
 62
  256
 10
160.044654151396
 20
1267.467159632316
 30
0
  0
VERTEX
  5
307
  8
1
  6
BYLAYER
 62
  256
 10
163.1371221017805
 20
1269.762584536601
 30
0
  0
VERTEX
  5
308
  8
1
  6
BYLAYER
 62
  256
 10
166.1747116189123
 20
1272.245411084
 30
0
  0
VERTEX
  5
309
  8
1
  6
BYLAYER
 62
  256
 10
169.1576157682249
 20
1274.91891971131
 30
0
  0
VERTEX
  5
30A
  8
1
  6
BYLAYER
 62
  256
 10
172.0856792775323
 20
1277.786320415857
 30
0
  0
VERTEX
  5
30B
  8
1
  6
BYLAYER
 62
  256
 10
174.9584341839418
 20
1280.850697513676
 30
0
  0
VERTEX
  5
30C
  8
1
  6
BYLAYER
 62
  256
 10
177.7751450104209
 20
1284.114969080383
 30
0
  0
VERTEX
  5
30D
  8
1
  6
BYLAYER
 62
  256
 10
180.5348585668038
 20
1287.581861129506
 30
0
  0
VERTEX
  5
30E
  8
1
  6
BYLAYER
 62
  256
 10
183.2364541651272
 20
1291.253895241908
 30
0
  0
VERTEX
  5
30F
  8
1
  6
BYLAYER
 62
  256
 10
185.8786910248774
 20
1295.133387506385
 30
0
  0
VERTEX
  5
310
  8
1
  6
BYLAYER
 62
  256
 10
188.4602507016602
 20
1299.222456241115
 30
0
  0
VERTEX
  5
311
  8
1
  6
BYLAYER
 62
  256
 10
190.9797733437819
 20
1303.523035947285
 30
0
  0
VERTEX
  5
312
  8
1
  6
BYLAYER
 62
  256
 10
193.4358873738193
 20
1308.036895182896
 30
0
  0
VERTEX
  5
313
  8
1
  6
BYLAYER
 62
  256
 10
197.9782912015302
 20
1317.019262666645
 30
0
  0
VERTEX
  5
314
  8
1
  6
BYLAYER
 62
  256
 10
212.0278583848196
 20
1306.748778910069
 30
0
  0
VERTEX
  5
315
  8
1
  6
BYLAYER
 62
  256
 10
221.2580846038198
 20
1299.789955839434
 30
0
  0
VERTEX
  5
316
  8
1
  6
BYLAYER
 62
  256
 10
230.3880856794671
 20
1292.749816992288
 30
0
  0
VERTEX
  5
317
  8
1
  6
BYLAYER
 62
  256
 10
243.9130357385054
 20
1282.150131152641
 30
0
  0
VERTEX
  5
318
  8
1
  6
BYLAYER
 62
  256
 10
261.7082887895875
 20
1268.157121176162
 30
0
  0
VERTEX
  5
319
  8
1
  6
BYLAYER
 62
  256
 10
270.5447673149519
 20
1261.347099290806
 30
0
  0
VERTEX
  5
31A
  8
1
  6
BYLAYER
 62
  256
 10
272.7474237662388
 20
1259.646295542943
 30
0
  0
VERTEX
  5
31B
  8
1
  6
BYLAYER
 62
  256
 10
277.1013015855714
 20
1256.127032929526
 30
0
  0
VERTEX
  5
31C
  8
1
  6
BYLAYER
 62
  256
 10
281.3930615090712
 20
1252.468345026398
 30
0
  0
VERTEX
  5
31D
  8
1
  6
BYLAYER
 62
  256
 10
285.6079943814235
 20
1248.684683738597
 30
0
  0
VERTEX
  5
31E
  8
1
  6
BYLAYER
 62
  256
 10
289.7436513735694
 20
1244.780544864896
 30
0
  0
VERTEX
  5
31F
  8
1
  6
BYLAYER
 62
  256
 10
293.7975680911742
 20
1240.760392774954
 30
0
  0
VERTEX
  5
320
  8
1
  6
BYLAYER
 62
  256
 10
297.7672633365159
 20
1236.628663493315
 30
0
  0
VERTEX
  5
321
  8
1
  6
BYLAYER
 62
  256
 10
301.6502382501307
 20
1232.389767464628
 30
0
  0
VERTEX
  5
322
  8
1
  6
BYLAYER
 62
  256
 10
305.443975743675
 20
1228.04809200699
 30
0
  0
VERTEX
  5
323
  8
1
  6
BYLAYER
 62
  256
 10
309.1459401479829
 20
1223.60800346793
 30
0
  0
VERTEX
  5
324
  8
1
  6
BYLAYER
 62
  256
 10
312.7535770114991
 20
1219.073849102711
 30
0
  0
VERTEX
  5
325
  8
1
  6
BYLAYER
 62
  256
 10
316.2643129941282
 20
1214.449958697938
 30
0
  0
VERTEX
  5
326
  8
1
  6
BYLAYER
 62
  256
 10
319.675555810044
 20
1209.740645965458
 30
0
  0
VERTEX
  5
327
  8
1
  6
BYLAYER
 62
  256
 10
322.9846941801147
 20
1204.950209732816
 30
0
  0
VERTEX
  5
328
  8
1
  6
BYLAYER
 62
  256
 10
326.1890977606908
 20
1200.082934957039
 30
0
  0
VERTEX
  5
329
  8
1
  6
BYLAYER
 62
  256
 10
329.2861170203739
 20
1195.143093589091
 30
0
  0
VERTEX
  5
32A
  8
1
  6
BYLAYER
 62
  256
 10
332.2730830405071
 20
1190.134945316735
 30
0
  0
VERTEX
  5
32B
  8
1
  6
BYLAYER
 62
  256
 10
335.1473072184789
 20
1185.062738214126
 30
0
  0
VERTEX
  5
32C
  8
1
  6
BYLAYER
 62
  256
 10
337.9060808557294
 20
1179.930709327486
 30
0
  0
VERTEX
  5
32D
  8
1
  6
BYLAYER
 62
  256
 10
340.5466746148292
 20
1174.743085227518
 30
0
  0
VERTEX
  5
32E
  8
1
  6
BYLAYER
 62
  256
 10
343.0663378322178
 20
1169.504082561285
 30
0
  0
VERTEX
  5
32F
  8
1
  6
BYLAYER
 62
  256
 10
345.4622976755122
 20
1164.217908638746
 30
0
  0
VERTEX
  5
330
  8
1
  6
BYLAYER
 62
  256
 10
347.7317581367556
 20
1158.888762092514
 30
0
  0
VERTEX
  5
331
  8
1
  6
BYLAYER
 62
  256
 10
349.8718988559986
 20
1153.520833653333
 30
0
  0
VERTEX
  5
332
  8
1
  6
BYLAYER
 62
  256
 10
351.8798737732815
 20
1148.118307088587
 30
0
  0
VERTEX
  5
333
  8
1
  6
BYLAYER
 62
  256
 10
353.7528096119203
 20
1142.685360356451
 30
0
  0
VERTEX
  5
334
  8
1
  6
BYLAYER
 62
  256
 10
355.4878042021176
 20
1137.2261670345
 30
0
  0
VERTEX
  5
335
  8
1
  6
BYLAYER
 62
  256
 10
357.0819246619787
 20
1131.744898087835
 30
0
  0
VERTEX
  5
336
  8
1
  6
BYLAYER
 62
  256
 10
358.5322054631879
 20
1126.245724048432
 30
0
  0
VERTEX
  5
337
  8
1
  6
BYLAYER
 62
  256
 10
359.8356464215496
 20
1120.732817683574
 30
0
  0
VERTEX
  5
338
  8
1
  6
BYLAYER
 62
  256
 10
360.9892106686621
 20
1115.21035723637
 30
0
  0
VERTEX
  5
339
  8
1
  6
BYLAYER
 62
  256
 10
361.9869326367661
 20
1109.698496215641
 30
0
  0
VERTEX
  5
33A
  8
1
  6
BYLAYER
 62
  256
 10
362.3992119317568
 20
1107.080764514538
 30
0
  0
VERTEX
  5
33B
  8
1
  6
BYLAYER
 62
  256
 10
362.7234057972724
 20
1105.42904935041
 30
0
  0
VERTEX
  5
33C
  8
1
  6
BYLAYER
 62
  256
 10
363.7932657692597
 20
1100.718010675168
 30
0
  0
VERTEX
  5
33D
  8
1
  6
BYLAYER
 62
  256
 10
365.0247273062133
 20
1096.160387208987
 30
0
  0
VERTEX
  5
33E
  8
1
  6
BYLAYER
 62
  256
 10
366.4317732023829
 20
1091.752684036838
 30
0
  0
VERTEX
  5
33F
  8
1
  6
BYLAYER
 62
  256
 10
368.0222348563451
 20
1087.514472035971
 30
0
  0
VERTEX
  5
340
  8
1
  6
BYLAYER
 62
  256
 10
369.8032568132512
 20
1083.464235355104
 30
0
  0
VERTEX
  5
341
  8
1
  6
BYLAYER
 62
  256
 10
371.7815208747859
 20
1079.618893985129
 30
0
  0
VERTEX
  5
342
  8
1
  6
BYLAYER
 62
  256
 10
373.9636938930959
 20
1075.993296629393
 30
0
  0
VERTEX
  5
343
  8
1
  6
BYLAYER
 62
  256
 10
376.3571530393353
 20
1072.599792536691
 30
0
  0
VERTEX
  5
344
  8
1
  6
BYLAYER
 62
  256
 10
378.9869294577952
 20
1069.428826809177
 30
0
  0
VERTEX
  5
345
  8
1
  6
BYLAYER
 62
  256
 10
381.1090609151006
 20
1067.233454835563
 30
0
  0
VERTEX
  5
346
  8
1
  6
BYLAYER
 62
  256
 10
382.5745465061541
 20
1065.862773504576
 30
0
  0
VERTEX
  5
347
  8
1
  6
BYLAYER
 62
  256
 10
384.1213723699818
 20
1064.539111776406
 30
0
  0
VERTEX
  5
348
  8
1
  6
BYLAYER
 62
  256
 10
385.7338618006698
 20
1063.280207218589
 30
0
  0
VERTEX
  5
349
  8
1
  6
BYLAYER
 62
  256
 10
387.4148447758308
 20
1062.08683479918
 30
0
  0
VERTEX
  5
34A
  8
1
  6
BYLAYER
 62
  256
 10
389.1674110510305
 20
1060.959911542302
 30
0
  0
VERTEX
  5
34B
  8
1
  6
BYLAYER
 62
  256
 10
390.9948720763248
 20
1059.900551402451
 30
0
  0
VERTEX
  5
34C
  8
1
  6
BYLAYER
 62
  256
 10
392.9007097642202
 20
1058.910110996598
 30
0
  0
VERTEX
  5
34D
  8
1
  6
BYLAYER
 62
  256
 10
394.8885156759244
 20
1057.990222495002
 30
0
  0
VERTEX
  5
34E
  8
1
  6
BYLAYER
 62
  256
 10
396.9619252294754
 20
1057.142811283015
 30
0
  0
VERTEX
  5
34F
  8
1
  6
BYLAYER
 62
  256
 10
399.1245519537006
 20
1056.370097624027
 30
0
  0
VERTEX
  5
350
  8
1
  6
BYLAYER
 62
  256
 10
401.3799265614631
 20
1055.674583200439
 30
0
  0
VERTEX
  5
351
  8
1
  6
BYLAYER
 62
  256
 10
403.7314447760619
 20
1055.059024816723
 30
0
  0
VERTEX
  5
352
  8
1
  6
BYLAYER
 62
  256
 10
406.182326605227
 20
1054.526398518441
 30
0
  0
VERTEX
  5
353
  8
1
  6
BYLAYER
 62
  256
 10
408.7355883583278
 20
1054.079857824436
 30
0
  0
VERTEX
  5
354
  8
1
  6
BYLAYER
 62
  256
 10
411.39402737581
 20
1053.722689707391
 30
0
  0
VERTEX
  5
355
  8
1
  6
BYLAYER
 62
  256
 10
414.1602183602423
 20
1053.458271497133
 30
0
  0
VERTEX
  5
356
  8
1
  6
BYLAYER
 62
  256
 10
417.0568737205685
 20
1053.288840612362
 30
0
  0
VERTEX
  5
357
  8
1
  6
BYLAYER
 62
  256
 10
425.5169171099006
 20
1053.045291687575
 30
0
  0
VERTEX
  5
358
  8
1
  6
BYLAYER
 62
  256
 10
417.5861130757967
 20
707.6319756460966
 30
0
  0
VERTEX
  5
359
  8
1
  6
BYLAYER
 62
  256
 10
89.87423274367129
 20
715.1563488588819
 30
0
  0
SEQEND
  5
35A
  8
1
  6
BYLAYER
 62
  256
  0
POLYLINE
  5
35B
  8
8
  6
BYLAYER
 62
  256
 66
    1
 10
0
 20
0
 30
0
 70
    1
  0
VERTEX
  5
35C
  8
8
  6
BYLAYER
 62
  256
 10
112.0769630812784
 20
1246.511704897151
 30
0
  0
VERTEX
  5
35D
  8
8
  6
BYLAYER
 62
  256
 10
114.2205387888527
 20
1246.477044940484
 30
0
  0
VERTEX
  5
35E
  8
8
  6
BYLAYER
 62
  256
 10
118.45407545688
 20
1246.555161066288
 30
0
  0
VERTEX
  5
35F
  8
8
  6
BYLAYER
 62
  256
 10
122.6228812768479
 20
1246.811347998147
 30
0
  0
VERTEX
  5
360
  8
8
  6
BYLAYER
 62
  256
 10
126.7265194137413
 20
1247.246880801714
 30
0
  0
VERTEX
  5
361
  8
8
  6
BYLAYER
 62
  256
 10
130.7645530325451
 20
1247.863034542645
 30
0
  0
VERTEX
  5
362
  8
8
  6
BYLAYER
 62
  256
 10
134.7365452982438
 20
1248.661084286593
 30
0
  0
VERTEX
  5
363
  8
8
  6
BYLAYER
 62
  256
 10
138.6420593758224
 20
1249.642305099213
 30
0
  0
VERTEX
  5
364
  8
8
  6
BYLAYER
 62
  256
 10
142.4806584302657
 20
1250.807972046159
 30
0
  0
VERTEX
  5
365
  8
8
  6
BYLAYER
 62
  256
 10
146.2519056265583
 20
1252.159360193086
 30
0
  0
VERTEX
  5
366
  8
8
  6
BYLAYER
 62
  256
 10
149.9553641296851
 20
1253.697744605647
 30
0
  0
VERTEX
  5
367
  8
8
  6
BYLAYER
 62
  256
 10
153.5905971046309
 20
1255.424400349498
 30
0
  0
VERTEX
  5
368
  8
8
  6
BYLAYER
 62
  256
 10
157.1571677163804
 20
1257.340602490292
 30
0
  0
VERTEX
  5
369
  8
8
  6
BYLAYER
 62
  256
 10
160.6546391299185
 20
1259.447626093683
 30
0
  0
VERTEX
  5
36A
  8
8
  6
BYLAYER
 62
  256
 10
164.08257451023
 20
1261.746746225327
 30
0
  0
VERTEX
  5
36B
  8
8
  6
BYLAYER
 62
  256
 10
167.4405370222995
 20
1264.239237950877
 30
0
  0
VERTEX
  5
36C
  8
8
  6
BYLAYER
 62
  256
 10
170.7280898311119
 20
1266.926376335987
 30
0
  0
VERTEX
  5
36D
  8
8
  6
BYLAYER
 62
  256
 10
173.9447961016519
 20
1269.809436446314
 30
0
  0
VERTEX
  5
36E
  8
8
  6
BYLAYER
 62
  256
 10
177.0902189989045
 20
1272.889693347509
 30
0
  0
VERTEX
  5
36F
  8
8
  6
BYLAYER
 62
  256
 10
180.1639216878543
 20
1276.168422105228
 30
0
  0
VERTEX
  5
370
  8
8
  6
BYLAYER
 62
  256
 10
183.165467333486
 20
1279.646897785124
 30
0
  0
VERTEX
  5
371
  8
8
  6
BYLAYER
 62
  256
 10
186.0944191007847
 20
1283.326395452854
 30
0
  0
VERTEX
  5
372
  8
8
  6
BYLAYER
 62
  256
 10
188.9503401547349
 20
1287.208190174069
 30
0
  0
VERTEX
  5
373
  8
8
  6
BYLAYER
 62
  256
 10
191.7327936603214
 20
1291.293557014426
 30
0
  0
VERTEX
  5
374
  8
8
  6
BYLAYER
 62
  256
 10
194.4413427825292
 20
1295.583771039578
 30
0
  0
VERTEX
  5
375
  8
8
  6
BYLAYER
 62
  256
 10
197.0755506863429
 20
1300.08010731518
 30
0
  0
VERTEX
  5
376
  8
8
  6
BYLAYER
 62
  256
 10
199.6349805367473
 20
1304.783840906885
 30
0
  0
VERTEX
  5
377
  8
8
  6
BYLAYER
 62
  256
 10
200.5038953077828
 20
1306.50207470589
 30
0
  0
VERTEX
  5
378
  8
8
  6
BYLAYER
 62
  256
 10
207.8551159549071
 20
1301.128201527996
 30
0
  0
VERTEX
  5
379
  8
8
  6
BYLAYER
 62
  256
 10
217.0137199443753
 20
1294.223375663
 30
0
  0
VERTEX
  5
37A
  8
8
  6
BYLAYER
 62
  256
 10
226.0918132515905
 20
1287.223262867765
 30
0
  0
VERTEX
  5
37B
  8
8
  6
BYLAYER
 62
  256
 10
239.5906377968401
 20
1276.644051945759
 30
0
  0
VERTEX
  5
37C
  8
8
  6
BYLAYER
 62
  256
 10
257.4082612993177
 20
1262.633451325941
 30
0
  0
VERTEX
  5
37D
  8
8
  6
BYLAYER
 62
  256
 10
266.2691877774586
 20
1255.804588100906
 30
0
  0
VERTEX
  5
37E
  8
8
  6
BYLAYER
 62
  256
 10
268.407614470673
 20
1254.153380018854
 30
0
  0
VERTEX
  5
37F
  8
8
  6
BYLAYER
 62
  256
 10
272.6297280230726
 20
1250.740623163669
 30
0
  0
VERTEX
  5
380
  8
8
  6
BYLAYER
 62
  256
 10
276.7836510124852
 20
1247.199440044672
 30
0
  0
VERTEX
  5
381
  8
8
  6
BYLAYER
 62
  256
 10
280.8666025920747
 20
1243.534255734622
 30
0
  0
VERTEX
  5
382
  8
8
  6
BYLAYER
 62
  256
 10
284.8758019150054
 20
1239.74949530628
 30
0
  0
VERTEX
  5
383
  8
8
  6
BYLAYER
 62
  256
 10
288.8084681344414
 20
1235.849583832407
 30
0
  0
VERTEX
  5
384
  8
8
  6
BYLAYER
 62
  256
 10
292.6618204035468
 20
1231.838946385763
 30
0
  0
VERTEX
  5
385
  8
8
  6
BYLAYER
 62
  256
 10
296.4330778754858
 20
1227.722008039109
 30
0
  0
VERTEX
  5
386
  8
8
  6
BYLAYER
 62
  256
 10
300.1194597034224
 20
1223.503193865205
 30
0
  0
VERTEX
  5
387
  8
8
  6
BYLAYER
 62
  256
 10
303.7181850405208
 20
1219.186928936812
 30
0
  0
VERTEX
  5
388
  8
8
  6
BYLAYER
 62
  256
 10
307.2264730399452
 20
1214.777638326689
 30
0
  0
VERTEX
  5
389
  8
8
  6
BYLAYER
 62
  256
 10
310.6415428548597
 20
1210.279747107598
 30
0
  0
VERTEX
  5
38A
  8
8
  6
BYLAYER
 62
  256
 10
313.9606136384283
 20
1205.697680352298
 30
0
  0
VERTEX
  5
38B
  8
8
  6
BYLAYER
 62
  256
 10
317.1809045438153
 20
1201.035863133552
 30
0
  0
VERTEX
  5
38C
  8
8
  6
BYLAYER
 62
  256
 10
320.2996347241848
 20
1196.298720524118
 30
0
  0
VERTEX
  5
38D
  8
8
  6
BYLAYER
 62
  256
 10
323.3140233327008
 20
1191.490677596757
 30
0
  0
VERTEX
  5
38E
  8
8
  6
BYLAYER
 62
  256
 10
326.2212895225276
 20
1186.61615942423
 30
0
  0
VERTEX
  5
38F
  8
8
  6
BYLAYER
 62
  256
 10
329.0186524468292
 20
1181.679591079298
 30
0
  0
VERTEX
  5
390
  8
8
  6
BYLAYER
 62
  256
 10
331.7033312587698
 20
1176.685397634719
 30
0
  0
VERTEX
  5
391
  8
8
  6
BYLAYER
 62
  256
 10
334.2725451115135
 20
1171.638004163257
 30
0
  0
VERTEX
  5
392
  8
8
  6
BYLAYER
 62
  256
 10
336.7235131582245
 20
1166.54183573767
 30
0
  0
VERTEX
  5
393
  8
8
  6
BYLAYER
 62
  256
 10
339.0534545520669
 20
1161.401317430719
 30
0
  0
VERTEX
  5
394
  8
8
  6
BYLAYER
 62
  256
 10
341.2595884462048
 20
1156.220874315164
 30
0
  0
VERTEX
  5
395
  8
8
  6
BYLAYER
 62
  256
 10
343.3391339938023
 20
1151.004931463767
 30
0
  0
VERTEX
  5
396
  8
8
  6
BYLAYER
 62
  256
 10
345.2893103480235
 20
1145.757913949287
 30
0
  0
VERTEX
  5
397
  8
8
  6
BYLAYER
 62
  256
 10
347.1073366620328
 20
1140.484246844485
 30
0
  0
VERTEX
  5
398
  8
8
  6
BYLAYER
 62
  256
 10
348.790432088994
 20
1135.188355222121
 30
0
  0
VERTEX
  5
399
  8
8
  6
BYLAYER
 62
  256
 10
350.3358157820713
 20
1129.874664154957
 30
0
  0
VERTEX
  5
39A
  8
8
  6
BYLAYER
 62
  256
 10
351.740706894429
 20
1124.547598715751
 30
0
  0
VERTEX
  5
39B
  8
8
  6
BYLAYER
 62
  256
 10
353.0023245792311
 20
1119.211583977266
 30
0
  0
VERTEX
  5
39C
  8
8
  6
BYLAYER
 62
  256
 10
354.1178879896418
 20
1113.871045012261
 30
0
  0
VERTEX
  5
39D
  8
8
  6
BYLAYER
 62
  256
 10
355.0846162788251
 20
1108.530406893496
 30
0
  0
VERTEX
  5
39E
  8
8
  6
BYLAYER
 62
  256
 10
355.5049229720086
 20
1105.861705922332
 30
0
  0
VERTEX
  5
39F
  8
8
  6
BYLAYER
 62
  256
 10
355.8743520247177
 20
1103.979524816103
 30
0
  0
VERTEX
  5
3A0
  8
8
  6
BYLAYER
 62
  256
 10
356.9985396013761
 20
1099.029259089247
 30
0
  0
VERTEX
  5
3A1
  8
8
  6
BYLAYER
 62
  256
 10
358.3082444568199
 20
1094.182058097725
 30
0
  0
VERTEX
  5
3A2
  8
8
  6
BYLAYER
 62
  256
 10
359.8165398888001
 20
1089.457181263093
 30
0
  0
VERTEX
  5
3A3
  8
8
  6
BYLAYER
 62
  256
 10
361.5364991950678
 20
1084.873888006907
 30
0
  0
VERTEX
  5
3A4
  8
8
  6
BYLAYER
 62
  256
 10
363.481195673374
 20
1080.451437750723
 30
0
  0
VERTEX
  5
3A5
  8
8
  6
BYLAYER
 62
  256
 10
365.6637026214696
 20
1076.209089916097
 30
0
  0
VERTEX
  5
3A6
  8
8
  6
BYLAYER
 62
  256
 10
368.0970933371059
 20
1072.166103924584
 30
0
  0
VERTEX
  5
3A7
  8
8
  6
BYLAYER
 62
  256
 10
370.794441118034
 20
1068.341739197741
 30
0
  0
VERTEX
  5
3A8
  8
8
  6
BYLAYER
 62
  256
 10
373.7688192620046
 20
1064.755255157124
 30
0
  0
VERTEX
  5
3A9
  8
8
  6
BYLAYER
 62
  256
 10
376.1986405962237
 20
1062.241574093836
 30
0
  0
VERTEX
  5
3AA
  8
8
  6
BYLAYER
 62
  256
 10
377.9058586571327
 20
1060.644798295905
 30
0
  0
VERTEX
  5
3AB
  8
8
  6
BYLAYER
 62
  256
 10
379.6896880387874
 20
1059.118326094155
 30
0
  0
VERTEX
  5
3AC
  8
8
  6
BYLAYER
 62
  256
 10
381.5517629034067
 20
1057.664564916281
 30
0
  0
VERTEX
  5
3AD
  8
8
  6
BYLAYER
 62
  256
 10
383.4937174132092
 20
1056.285922189978
 30
0
  0
VERTEX
  5
3AE
  8
8
  6
BYLAYER
 62
  256
 10
385.517185730414
 20
1054.98480534294
 30
0
  0
VERTEX
  5
3AF
  8
8
  6
BYLAYER
 62
  256
 10
387.6238020172401
 20
1053.763621802861
 30
0
  0
VERTEX
  5
3B0
  8
8
  6
BYLAYER
 62
  256
 10
389.8152004359062
 20
1052.624778997435
 30
0
  0
VERTEX
  5
3B1
  8
8
  6
BYLAYER
 62
  256
 10
392.0930151486313
 20
1051.570684354359
 30
0
  0
VERTEX
  5
3B2
  8
8
  6
BYLAYER
 62
  256
 10
394.4588803176341
 20
1050.603745301325
 30
0
  0
VERTEX
  5
3B3
  8
8
  6
BYLAYER
 62
  256
 10
396.9144301051336
 20
1049.726369266029
 30
0
  0
VERTEX
  5
3B4
  8
8
  6
BYLAYER
 62
  256
 10
399.4612986733488
 20
1048.940963676164
 30
0
  0
VERTEX
  5
3B5
  8
8
  6
BYLAYER
 62
  256
 10
402.1011201844984
 20
1048.249935959426
 30
0
  0
VERTEX
  5
3B6
  8
8
  6
BYLAYER
 62
  256
 10
404.8355288008015
 20
1047.655693543508
 30
0
  0
VERTEX
  5
3B7
  8
8
  6
BYLAYER
 62
  256
 10
407.6661586844766
 20
1047.160643856105
 30
0
  0
VERTEX
  5
3B8
  8
8
  6
BYLAYER
 62
  256
 10
410.5946439977429
 20
1046.767194324913
 30
0
  0
VERTEX
  5
3B9
  8
8
  6
BYLAYER
 62
  256
 10
413.6226189028192
 20
1046.477752377625
 30
0
  0
VERTEX
  5
3BA
  8
8
  6
BYLAYER
 62
  256
 10
416.7517175619243
 20
1046.294725441935
 30
0
  0
VERTEX
  5
3BB
  8
8
  6
BYLAYER
 62
  256
 10
418.3590145998211
 20
1046.248454347642
 30
0
  0
VERTEX
  5
3BC
  8
8
  6
BYLAYER
 62
  256
 10
410.7486374338877
 20
714.790811225037
 30
0
  0
VERTEX
  5
3BD
  8
8
  6
BYLAYER
 62
  256
 10
100.0322778699364
 20
721.9249616571415
 30
0
  0
SEQEND
  5
3BE
  8
8
  6
BYLAYER
 62
  256
  0
POLYLINE
  5
3BF
  8
8
  6
BYLAYER
 62
  256
 66
    1
 10
0
 20
0
 30
0
 70
    0
  0
VERTEX
  5
3C0
  8
8
  6
BYLAYER
 62
  256
 10
384.7261704533835
 20
1055.493438611105
 30
0
  0
VERTEX
  5
3C1
  8
8
  6
BYLAYER
 62
  256
 10
384.7261704533835
 20
1055.493438611105
 30
0
  0
VERTEX
  5
3C2
  8
8
  6
BYLAYER
 62
  256
 10
383.8395291751918
 20
1052.325162562971
 30
0
  0
VERTEX
  5
3C3
  8
8
  6
BYLAYER
 62
  256
 10
382.1666295826759
 20
1046.919401315164
 30
0
  0
VERTEX
  5
3C4
  8
8
  6
BYLAYER
 62
  256
 10
381.6231882427051
 20
1045.23061823248
 30
0
  0
VERTEX
  5
3C5
  8
8
  6
BYLAYER
 62
  256
 10
380.3735289181628
 20
1041.900164240065
 30
0
  0
VERTEX
  5
3C6
  8
8
  6
BYLAYER
 62
  256
 10
378.9550136542763
 20
1038.618677928466
 30
0
  0
VERTEX
  5
3C7
  8
8
  6
BYLAYER
 62
  256
 10
377.3970602667972
 20
1035.377751601319
 30
0
  0
VERTEX
  5
3C8
  8
8
  6
BYLAYER
 62
  256
 10
374.8712718738263
 20
1030.571577652709
 30
0
  0
VERTEX
  5
3C9
  8
8
  6
BYLAYER
 62
  256
 10
371.2717501463348
 20
1024.232192548769
 30
0
  0
VERTEX
  5
3CA
  8
8
  6
BYLAYER
 62
  256
 10
367.6439966080058
 20
1017.9037088481
 30
0
  0
VERTEX
  5
3CB
  8
8
  6
BYLAYER
 62
  256
 10
365.0582156170051
 20
1013.120700381439
 30
0
  0
VERTEX
  5
3CC
  8
8
  6
BYLAYER
 62
  256
 10
363.4437986078509
 20
1009.901576860832
 30
0
  0
VERTEX
  5
3CD
  8
8
  6
BYLAYER
 62
  256
 10
361.9547038168704
 20
1006.647344057407
 30
0
  0
VERTEX
  5
3CE
  8
8
  6
BYLAYER
 62
  256
 10
360.6203490598156
 20
1003.349594274803
 30
0
  0
VERTEX
  5
3CF
  8
8
  6
BYLAYER
 62
  256
 10
359.4701521524379
 20
999.9999198166538
 30
0
  0
VERTEX
  5
3D0
  8
8
  6
BYLAYER
 62
  256
 10
358.5335309104895
 20
996.5899129865978
 30
0
  0
VERTEX
  5
3D1
  8
8
  6
BYLAYER
 62
  256
 10
358.1652418310177
 20
994.8566181971387
 30
0
  0
VERTEX
  5
3D2
  8
8
  6
BYLAYER
 62
  256
 10
357.6771343693905
 20
992.3285139903478
 30
0
  0
VERTEX
  5
3D3
  8
8
  6
BYLAYER
 62
  256
 10
356.8459388412581
 20
987.2386829937431
 30
0
  0
VERTEX
  5
3D4
  8
8
  6
BYLAYER
 62
  256
 10
356.1752088095935
 20
982.1126565252902
 30
0
  0
VERTEX
  5
3D5
  8
8
  6
BYLAYER
 62
  256
 10
355.6498800769764
 20
976.9550475047433
 30
0
  0
VERTEX
  5
3D6
  8
8
  6
BYLAYER
 62
  256
 10
355.254888445986
 20
971.7704688518567
 30
0
  0
VERTEX
  5
3D7
  8
8
  6
BYLAYER
 62
  256
 10
354.975169719202
 20
966.5635334863846
 30
0
  0
VERTEX
  5
3D8
  8
8
  6
BYLAYER
 62
  256
 10
354.7290738412237
 20
958.7226554156908
 30
0
  0
VERTEX
  5
3D9
  8
8
  6
BYLAYER
 62
  256
 10
354.6805034438475
 20
948.2299994462842
 30
0
  0
VERTEX
  5
3DA
  8
8
  6
BYLAYER
 62
  256
 10
354.8218691097273
 20
937.7309491821115
 30
0
  0
VERTEX
  5
3DB
  8
8
  6
BYLAYER
 62
  256
 10
355.0326572594988
 20
927.2624079812067
 30
0
  0
VERTEX
  5
3DC
  8
8
  6
BYLAYER
 62
  256
 10
355.1923543137979
 20
916.8612792016038
 30
0
  0
VERTEX
  5
3DD
  8
8
  6
BYLAYER
 62
  256
 10
355.205722292239
 20
911.7026420799407
 30
0
  0
VERTEX
  5
3DE
  8
8
  6
BYLAYER
 62
  256
 10
355.2338405067339
 20
906.3356364723426
 30
0
  0
VERTEX
  5
3DF
  8
8
  6
BYLAYER
 62
  256
 10
355.5728055095859
 20
895.5444320381318
 30
0
  0
VERTEX
  5
3E0
  8
8
  6
BYLAYER
 62
  256
 10
356.4694819775932
 20
879.2728376026215
 30
0
  0
VERTEX
  5
3E1
  8
8
  6
BYLAYER
 62
  256
 10
357.4890463740784
 20
862.9543151891403
 30
0
  0
VERTEX
  5
3E2
  8
8
  6
BYLAYER
 62
  256
 10
358.0246320624948
 20
852.0880259901759
 30
0
  0
VERTEX
  5
3E3
  8
8
  6
BYLAYER
 62
  256
 10
358.3071655085075
 20
841.2549037996383
 30
0
  0
VERTEX
  5
3E4
  8
8
  6
BYLAYER
 62
  256
 10
358.2657627302432
 20
833.166498252427
 30
0
  0
VERTEX
  5
3E5
  8
8
  6
BYLAYER
 62
  256
 10
358.1039124912735
 20
827.7942892383335
 30
0
  0
VERTEX
  5
3E6
  8
8
  6
BYLAYER
 62
  256
 10
357.9689254169405
 20
825.116400629629
 30
0
  0
VERTEX
  5
3E7
  8
8
  6
BYLAYER
 62
  256
 10
357.8754741640814
 20
823.629783517477
 30
0
  0
VERTEX
  5
3E8
  8
8
  6
BYLAYER
 62
  256
 10
357.5766233999877
 20
820.6636024151308
 30
0
  0
VERTEX
  5
3E9
  8
8
  6
BYLAYER
 62
  256
 10
356.9205248254587
 20
816.2275471947222
 30
0
  0
VERTEX
  5
3EA
  8
8
  6
BYLAYER
 62
  256
 10
355.699657967488
 20
810.3352707609467
 30
0
  0
VERTEX
  5
3EB
  8
8
  6
BYLAYER
 62
  256
 10
354.2237529339787
 20
804.4603350979768
 30
0
  0
VERTEX
  5
3EC
  8
8
  6
BYLAYER
 62
  256
 10
351.8041866429986
 20
795.6642033377221
 30
0
  0
VERTEX
  5
3ED
  8
8
  6
BYLAYER
 62
  256
 10
349.5490518014246
 20
786.8645081221187
 30
0
  0
VERTEX
  5
3EE
  8
8
  6
BYLAYER
 62
  256
 10
348.3362370869656
 20
780.9838709305899
 30
0
  0
VERTEX
  5
3EF
  8
8
  6
BYLAYER
 62
  256
 10
347.8855592734242
 20
778.0354519644227
 30
0
  0
VERTEX
  5
3F0
  8
8
  6
BYLAYER
 62
  256
 10
347.4881436651742
 20
775.1229371882059
 30
0
  0
VERTEX
  5
3F1
  8
8
  6
BYLAYER
 62
  256
 10
346.7879339389224
 20
769.252321219568
 30
0
  0
VERTEX
  5
3F2
  8
8
  6
BYLAYER
 62
  256
 10
346.197761696588
 20
763.3396055221232
 30
0
  0
VERTEX
  5
3F3
  8
8
  6
BYLAYER
 62
  256
 10
345.7137288221931
 20
757.3987945076926
 30
0
  0
VERTEX
  5
3F4
  8
8
  6
BYLAYER
 62
  256
 10
345.1661144370356
 20
748.4646694534872
 30
0
  0
VERTEX
  5
3F5
  8
8
  6
BYLAYER
 62
  256
 10
344.7881075041449
 20
736.5825284645678
 30
0
  0
VERTEX
  5
3F6
  8
8
  6
BYLAYER
 62
  256
 10
344.7480664864221
 20
730.6949973931841
 30
0
  0
VERTEX
  5
3F7
  8
8
  6
BYLAYER
 62
  256
 10
344.763339352169
 20
728.0020423467395
 30
0
  0
VERTEX
  5
3F8
  8
8
  6
BYLAYER
 62
  256
 10
344.9720034740967
 20
722.5936494309915
 30
0
  0
VERTEX
  5
3F9
  8
8
  6
BYLAYER
 62
  256
 10
345.4280553029492
 20
716.2905934054434
 30
0
  0
VERTEX
  5
3FA
  8
8
  6
BYLAYER
 62
  256
 10
345.4280553029492
 20
716.2905934054434
 30
0
  0
SEQEND
  5
3FB
  8
8
  6
BYLAYER
 62
  256
  0
POLYLINE
  5
3FC
  8
8
  6
BYLAYER
 62
  256
 66
    1
 10
0
 20
0
 30
0
 70
    0
  0
VERTEX
  5
3FD
  8
8
  6
BYLAYER
 62
  256
 10
291.2566312228452
 20
926.46278656512
 30
0
  0
VERTEX
  5
3FE
  8
8
  6
BYLAYER
 62
  256
 10
315.7580128352242
 20
768.3499082184004
 30
0
  0
SEQEND
  5
3FF
  8
8
  6
BYLAYER
 62
  256
  0
POLYLINE
  5
400
  8
8
  6
BYLAYER
 62
  256
 66
    1
 10
0
 20
0
 30
0
 70
    0
  0
VERTEX
  5
401
  8
8
  6
BYLAYER
 62
  256
 10
107.6426550358698
 20
1053.382604779747
 30
0
  0
VERTEX
  5
402
  8
8
  6
BYLAYER
 62
  256
 10
382.1666295826759
 20
1046.919401315164
 30
0
  0
SEQEND
  5
403
  8
8
  6
BYLAYER
 62
  256
  0
POLYLINE
  5
404
  8
8
  6
BYLAYER
 62
  256
 66
    1
 10
0
 20
0
 30
0
 70
    0
  0
VERTEX
  5
405
  8
8
  6
BYLAYER
 62
  256
 10
106.4315871588858
 20
1000.63650620746
 30
0
  0
VERTEX
  5
406
  8
8
  6
BYLAYER
 62
  256
 10
358.1652418310177
 20
994.8566181971387
 30
0
  0
SEQEND
  5
407
  8
8
  6
BYLAYER
 62
  256
  0
POLYLINE
  5
408
  8
8
  6
BYLAYER
 62
  256
 66
    1
 10
0
 20
0
 30
0
 70
    0
  0
VERTEX
  5
409
  8
8
  6
BYLAYER
 62
  256
 10
104.5217909616708
 20
917.4584280949846
 30
0
  0
VERTEX
  5
40A
  8
8
  6
BYLAYER
 62
  256
 10
355.205722292239
 20
911.7026420799407
 30
0
  0
SEQEND
  5
40B
  8
8
  6
BYLAYER
 62
  256
  0
POLYLINE
  5
40C
  8
8
  6
BYLAYER
 62
  256
 66
    1
 10
0
 20
0
 30
0
 70
    0
  0
VERTEX
  5
40D
  8
8
  6
BYLAYER
 62
  256
 10
102.5362456364413
 20
830.9812194804517
 30
0
  0
VERTEX
  5
40E
  8
8
  6
BYLAYER
 62
  256
 10
357.9689254169405
 20
825.116400629629
 30
0
  0
SEQEND
  5
40F
  8
8
  6
BYLAYER
 62
  256
  0
POLYLINE
  5
410
  8
8
  6
BYLAYER
 62
  256
 66
    1
 10
0
 20
0
 30
0
 70
    0
  0
VERTEX
  5
411
  8
8
  6
BYLAYER
 62
  256
 10
101.4505081348995
 20
783.6936822842965
 30
0
  0
VERTEX
  5
412
  8
8
  6
BYLAYER
 62
  256
 10
347.8855592734242
 20
778.0354519644227
 30
0
  0
SEQEND
  5
413
  8
8
  6
BYLAYER
 62
  256
  0
LINE
  5
414
  8
7
  6
BYLAYER
 62
  256
 10
207.3937209659128
 20
1218.02263331107
 11
196.8364846545424
 21
758.2193161615351
  0
TEXT
  5
415
  8
1
  6
BYLAYER
 62
  256
 10
256.1641112763787
 20
1092.981010275991
 30
0
 40
2.5
  1
Piece Name: Raglan Fr CF Zip
 50
0
 41
1
 51
0
  7
STANDARD
 71
    0
210
0
220
0
230
1
  0
TEXT
  5
416
  8
1
  6
BYLAYER
 62
  256
 10
256.1641112763787
 20
1090.481010275991
 30
0
 40
2.5
  1
File Name: GBlock-201-Sweatshirt-Parametric-Scalable-V2-Hood-SG-EXTRA
 50
0
 41
1
 51
0
  7
STANDARD
 71
    0
210
0
220
0
230
1
  0
TEXT
  5
417
  8
1
  6
BYLAYER
 62
  256
 10
256.1641112763787
 20
1087.981010275992
 30
0
 40
2.5
  1
Measurement Name: SG-EXTRA
 50
0
 41
1
 51
0
  7
STANDARD
 71
    0
210
0
220
0
230
1
  0
TEXT
  5
418
  8
1
  6
BYLAYER
 62
  256
 10
256.1641112763787
 20
1085.481010275992
 30
0
 40
2.5
  1
Date: 10-30-2025
 50
0
 41
1
 51
0
  7
STANDARD
 71
    0
210
0
220
0
230
1
  0
ENDBLK
  8
1
  0
BLOCK
  8
1
  2
SLEEVE
 70
    0
 10
0
 20
0
  3
SLEEVE
  1

  0
POLYLINE
  5
419
  8
1
  6
BYLAYER
 62
  256
 66
    1
 10
0
 20
0
 30
0
 70
    1
  0
VERTEX
  5
41A
  8
1
  6
BYLAYER
 62
  256
 10
581.8833003404186
 20
234.9319205809101
 30
0
  0
VERTEX
  5
41B
  8
1
  6
BYLAYER
 62
  256
 10
505.4752967338902
 20
219.1599813924901
 30
0
  0
VERTEX
  5
41C
  8
1
  6
BYLAYER
 62
  256
 10
462.3025513148148
 20
428.3126574379559
 30
0
  0
VERTEX
  5
41D
  8
1
  6
BYLAYER
 62
  256
 10
451.8631371877051
 20
478.8869579564279
 30
0
  0
VERTEX
  5
41E
  8
1
  6
BYLAYER
 62
  256
 10
420.985543385371
 20
628.4751138847651
 30
0
  0
VERTEX
  5
41F
  8
1
  6
BYLAYER
 62
  256
 10
406.3481259417592
 20
699.3868661722015
 30
0
  0
VERTEX
  5
420
  8
1
  6
BYLAYER
 62
  256
 10
415.6687527322857
 20
701.3862492592907
 30
0
  0
VERTEX
  5
421
  8
1
  6
BYLAYER
 62
  256
 10
420.6977547437887
 20
702.6659896464533
 30
0
  0
VERTEX
  5
422
  8
1
  6
BYLAYER
 62
  256
 10
425.6903904993686
 20
704.1724838093093
 30
0
  0
VERTEX
  5
423
  8
1
  6
BYLAYER
 62
  256
 10
430.6591711951425
 20
705.9043905433676
 30
0
  0
VERTEX
  5
424
  8
1
  6
BYLAYER
 62
  256
 10
435.5902976969805
 20
707.8533849258316
 30
0
  0
VERTEX
  5
425
  8
1
  6
BYLAYER
 62
  256
 10
440.4699960545564
 20
710.0108801056941
 30
0
  0
VERTEX
  5
426
  8
1
  6
BYLAYER
 62
  256
 10
445.2845408209128
 20
712.3680529276879
 30
0
  0
VERTEX
  5
427
  8
1
  6
BYLAYER
 62
  256
 10
450.0202709835744
 20
714.9158654282218
 30
0
  0
VERTEX
  5
428
  8
1
  6
BYLAYER
 62
  256
 10
454.6636010198707
 20
717.645081787231
 30
0
  0
VERTEX
  5
429
  8
1
  6
BYLAYER
 62
  256
 10
459.2010291797415
 20
720.5462807226633
 30
0
  0
VERTEX
  5
42A
  8
1
  6
BYLAYER
 62
  256
 10
463.6191447737232
 20
723.6098635718578
 30
0
  0
VERTEX
  5
42B
  8
1
  6
BYLAYER
 62
  256
 10
467.9046360147341
 20
726.8260584831482
 30
0
  0
VERTEX
  5
42C
  8
1
  6
BYLAYER
 62
  256
 10
472.0442998274781
 20
730.1849212971883
 30
0
  0
VERTEX
  5
42D
  8
1
  6
BYLAYER
 62
  256
 10
476.0250549874842
 20
733.6763338790304
 30
0
  0
VERTEX
  5
42E
  8
1
  6
BYLAYER
 62
  256
 10
479.8339599648882
 20
737.2900009152252
 30
0
  0
VERTEX
  5
42F
  8
1
  6
BYLAYER
 62
  256
 10
483.4752711386689
 20
741.0329563003231
 30
0
  0
VERTEX
  5
430
  8
1
  6
BYLAYER
 62
  256
 10
485.2171779800639
 20
742.9508258005073
 30
0
  0
VERTEX
  5
431
  8
1
  6
BYLAYER
 62
  256
 10
488.9546384963359
 20
747.0874600061529
 30
0
  0
VERTEX
  5
432
  8
1
  6
BYLAYER
 62
  256
 10
496.5859770471545
 20
755.1486594496811
 30
0
  0
VERTEX
  5
433
  8
1
  6
BYLAYER
 62
  256
 10
504.4205722686777
 20
762.9341804256571
 30
0
  0
VERTEX
  5
434
  8
1
  6
BYLAYER
 62
  256
 10
512.4687567907386
 20
770.4159852188304
 30
0
  0
VERTEX
  5
435
  8
1
  6
BYLAYER
 62
  256
 10
518.680250194365
 20
775.8212986784779
 30
0
  0
VERTEX
  5
436
  8
1
  6
BYLAYER
 62
  256
 10
522.9461346343846
 20
779.3718649979492
 30
0
  0
VERTEX
  5
437
  8
1
  6
BYLAYER
 62
  256
 10
524.1652053214611
 20
780.0230105663135
 30
0
  0
VERTEX
  5
438
  8
1
  6
BYLAYER
 62
  256
 10
529.0626687069772
 20
782.5177788190571
 30
0
  0
VERTEX
  5
439
  8
1
  6
BYLAYER
 62
  256
 10
534.0168041076507
 20
784.9180791225542
 30
0
  0
VERTEX
  5
43A
  8
1
  6
BYLAYER
 62
  256
 10
539.0306533686288
 20
787.2219481700433
 30
0
  0
VERTEX
  5
43B
  8
1
  6
BYLAYER
 62
  256
 10
544.1072207020106
 20
789.4274301186023
 30
0
  0
VERTEX
  5
43C
  8
1
  6
BYLAYER
 62
  256
 10
549.2494742537136
 20
791.5325816341658
 30
0
  0
VERTEX
  5
43D
  8
1
  6
BYLAYER
 62
  256
 10
554.460348565503
 20
793.5354768725599
 30
0
  0
VERTEX
  5
43E
  8
1
  6
BYLAYER
 62
  256
 10
559.7427479080028
 20
795.4342122309929
 30
0
  0
VERTEX
  5
43F
  8
1
  6
BYLAYER
 62
  256
 10
565.0995504204237
 20
797.2269107053914
 30
0
  0
VERTEX
  5
440
  8
1
  6
BYLAYER
 62
  256
 10
570.5336129539771
 20
798.9117256996642
 30
0
  0
VERTEX
  5
441
  8
1
  6
BYLAYER
 62
  256
 10
576.0477764812898
 20
800.4868441531256
 30
0
  0
VERTEX
  5
442
  8
1
  6
BYLAYER
 62
  256
 10
581.6448719062173
 20
801.9504888807469
 30
0
  0
VERTEX
  5
443
  8
1
  6
BYLAYER
 62
  256
 10
587.327726089703
 20
803.3009200558134
 30
0
  0
VERTEX
  5
444
  8
1
  6
BYLAYER
 62
  256
 10
593.0991678989635
 20
804.5364358033313
 30
0
  0
VERTEX
  5
445
  8
1
  6
BYLAYER
 62
  256
 10
598.9620340898067
 20
805.6553719123189
 30
0
  0
VERTEX
  5
446
  8
1
  6
BYLAYER
 62
  256
 10
604.9191748451498
 20
806.6561007131206
 30
0
  0
VERTEX
  5
447
  8
1
  6
BYLAYER
 62
  256
 10
610.9734588149753
 20
807.5370291993574
 30
0
  0
VERTEX
  5
448
  8
1
  6
BYLAYER
 62
  256
 10
617.1277775324388
 20
808.2965965011422
 30
0
  0
VERTEX
  5
449
  8
1
  6
BYLAYER
 62
  256
 10
623.385049114812
 20
808.9332708352882
 30
0
  0
VERTEX
  5
44A
  8
1
  6
BYLAYER
 62
  256
 10
629.7482211939074
 20
809.4455460688895
 30
0
  0
VERTEX
  5
44B
  8
1
  6
BYLAYER
 62
  256
 10
636.2202730559474
 20
809.8319380350207
 30
0
  0
VERTEX
  5
44C
  8
1
  6
BYLAYER
 62
  256
 10
642.8042170033498
 20
810.0909807342181
 30
0
  0
VERTEX
  5
44D
  8
1
  6
BYLAYER
 62
  256
 10
649.4918593870902
 20
810.2210040204139
 30
0
  0
VERTEX
  5
44E
  8
1
  6
BYLAYER
 62
  256
 10
652.9033846038029
 20
810.2319607265847
 30
0
  0
VERTEX
  5
44F
  8
1
  6
BYLAYER
 62
  256
 10
655.7481830601348
 20
810.2218007654101
 30
0
  0
VERTEX
  5
450
  8
1
  6
BYLAYER
 62
  256
 10
661.4254341345271
 20
810.10101201333
 30
0
  0
VERTEX
  5
451
  8
1
  6
BYLAYER
 62
  256
 10
667.1376178518359
 20
809.8597149012311
 30
0
  0
VERTEX
  5
452
  8
1
  6
BYLAYER
 62
  256
 10
672.8681203407831
 20
809.4989662351583
 30
0
  0
VERTEX
  5
453
  8
1
  6
BYLAYER
 62
  256
 10
678.6128238940428
 20
809.0195367925005
 30
0
  0
VERTEX
  5
454
  8
1
  6
BYLAYER
 62
  256
 10
684.3676080638659
 20
808.4221783277692
 30
0
  0
VERTEX
  5
455
  8
1
  6
BYLAYER
 62
  256
 10
690.1283491586739
 20
807.707624550836
 30
0
  0
VERTEX
  5
456
  8
1
  6
BYLAYER
 62
  256
 10
695.8909198436364
 20
806.8765919896387
 30
0
  0
VERTEX
  5
457
  8
1
  6
BYLAYER
 62
  256
 10
701.6511888191376
 20
805.9297807392666
 30
0
  0
VERTEX
  5
458
  8
1
  6
BYLAYER
 62
  256
 10
707.4050205540877
 20
804.8678751008555
 30
0
  0
VERTEX
  5
459
  8
1
  6
BYLAYER
 62
  256
 10
713.1482750533337
 20
803.6915441148727
 30
0
  0
VERTEX
  5
45A
  8
1
  6
BYLAYER
 62
  256
 10
718.8768076406407
 20
802.4014419942
 30
0
  0
VERTEX
  5
45B
  8
1
  6
BYLAYER
 62
  256
 10
724.5864687400621
 20
800.9982084631612
 30
0
  0
VERTEX
  5
45C
  8
1
  6
BYLAYER
 62
  256
 10
730.2731036399286
 20
799.4824690092306
 30
0
  0
VERTEX
  5
45D
  8
1
  6
BYLAYER
 62
  256
 10
735.9325522244335
 20
797.8548350548103
 30
0
  0
VERTEX
  5
45E
  8
1
  6
BYLAYER
 62
  256
 10
741.5606486584514
 20
796.1159040571509
 30
0
  0
VERTEX
  5
45F
  8
1
  6
BYLAYER
 62
  256
 10
747.1532210114723
 20
794.2662595453604
 30
0
  0
VERTEX
  5
460
  8
1
  6
BYLAYER
 62
  256
 10
752.7060908067484
 20
792.3064711044603
 30
0
  0
VERTEX
  5
461
  8
1
  6
BYLAYER
 62
  256
 10
758.2150724816545
 20
790.2370943177701
 30
0
  0
VERTEX
  5
462
  8
1
  6
BYLAYER
 62
  256
 10
763.675972745203
 20
788.0586706804939
 30
0
  0
VERTEX
  5
463
  8
1
  6
BYLAYER
 62
  256
 10
769.0845898184168
 20
785.7717274993952
 30
0
  0
VERTEX
  5
464
  8
1
  6
BYLAYER
 62
  256
 10
774.4367125433273
 20
783.37677779578
 30
0
  0
VERTEX
  5
465
  8
1
  6
BYLAYER
 62
  256
 10
779.7281193462019
 20
780.8743202319704
 30
0
  0
VERTEX
  5
466
  8
1
  6
BYLAYER
 62
  256
 10
782.6961861170207
 20
779.3924151378744
 30
0
  0
VERTEX
  5
467
  8
1
  6
BYLAYER
 62
  256
 10
785.8038352616226
 20
776.9471937205954
 30
0
  0
VERTEX
  5
468
  8
1
  6
BYLAYER
 62
  256
 10
790.3054363125196
 20
773.244520545912
 30
0
  0
VERTEX
  5
469
  8
1
  6
BYLAYER
 62
  256
 10
794.713646835371
 20
769.4527926012695
 30
0
  0
VERTEX
  5
46A
  8
1
  6
BYLAYER
 62
  256
 10
799.0243675176948
 20
765.5733073808315
 30
0
  0
VERTEX
  5
46B
  8
1
  6
BYLAYER
 62
  256
 10
803.2334784804725
 20
761.6073529370927
 30
0
  0
VERTEX
  5
46C
  8
1
  6
BYLAYER
 62
  256
 10
807.3368373147447
 20
757.5562090164788
 30
0
  0
VERTEX
  5
46D
  8
1
  6
BYLAYER
 62
  256
 10
811.3302769809477
 20
753.4211485163604
 30
0
  0
VERTEX
  5
46E
  8
1
  6
BYLAYER
 62
  256
 10
815.209603594696
 20
749.2034393193396
 30
0
  0
VERTEX
  5
46F
  8
1
  6
BYLAYER
 62
  256
 10
818.9607009753405
 20
744.9156551816901
 30
0
  0
VERTEX
  5
470
  8
1
  6
BYLAYER
 62
  256
 10
820.7705517506968
 20
742.7562273323838
 30
0
  0
VERTEX
  5
471
  8
1
  6
BYLAYER
 62
  256
 10
822.422004150635
 20
740.8028614835679
 30
0
  0
VERTEX
  5
472
  8
1
  6
BYLAYER
 62
  256
 10
825.9153064833367
 20
737.004848363354
 30
0
  0
VERTEX
  5
473
  8
1
  6
BYLAYER
 62
  256
 10
829.6066292685423
 20
733.3604973659691
 30
0
  0
VERTEX
  5
474
  8
1
  6
BYLAYER
 62
  256
 10
833.5009734654166
 20
729.855735200092
 30
0
  0
VERTEX
  5
475
  8
1
  6
BYLAYER
 62
  256
 10
837.5826244237298
 20
726.4984808941475
 30
0
  0
VERTEX
  5
476
  8
1
  6
BYLAYER
 62
  256
 10
841.8355514019754
 20
723.296497404292
 30
0
  0
VERTEX
  5
477
  8
1
  6
BYLAYER
 62
  256
 10
846.2434604988209
 20
720.2573699792524
 30
0
  0
VERTEX
  5
478
  8
1
  6
BYLAYER
 62
  256
 10
850.7898374465404
 20
717.3884950103961
 30
0
  0
VERTEX
  5
479
  8
1
  6
BYLAYER
 62
  256
 10
855.4579808265393
 20
714.6970750240829
 30
0
  0
VERTEX
  5
47A
  8
1
  6
BYLAYER
 62
  256
 10
860.2310267878448
 20
712.190116453848
 30
0
  0
VERTEX
  5
47B
  8
1
  6
BYLAYER
 62
  256
 10
865.0919665927927
 20
709.8744276025486
 30
0
  0
VERTEX
  5
47C
  8
1
  6
BYLAYER
 62
  256
 10
870.0236584213116
 20
707.7566147670689
 30
0
  0
VERTEX
  5
47D
  8
1
  6
BYLAYER
 62
  256
 10
875.0088349399649
 20
705.8430748774375
 30
0
  0
VERTEX
  5
47E
  8
1
  6
BYLAYER
 62
  256
 10
880.030108262712
 20
704.1399832389594
 30
0
  0
VERTEX
  5
47F
  8
1
  6
BYLAYER
 62
  256
 10
885.069974161405
 20
702.6532751097254
 30
0
  0
VERTEX
  5
480
  8
1
  6
BYLAYER
 62
  256
 10
890.1350520958578
 20
701.3825400133968
 30
0
  0
VERTEX
  5
481
  8
1
  6
BYLAYER
 62
  256
 10
899.471818600809
 20
699.3853830400345
 30
0
  0
VERTEX
  5
482
  8
1
  6
BYLAYER
 62
  256
 10
885.8259451552534
 20
633.2880417045674
 30
0
  0
VERTEX
  5
483
  8
1
  6
BYLAYER
 62
  256
 10
855.6644866381745
 20
487.1931635179122
 30
0
  0
VERTEX
  5
484
  8
1
  6
BYLAYER
 62
  256
 10
843.5077417185415
 20
428.3088039577044
 30
0
  0
VERTEX
  5
485
  8
1
  6
BYLAYER
 62
  256
 10
800.3282160282477
 20
219.1575275925789
 30
0
  0
VERTEX
  5
486
  8
1
  6
BYLAYER
 62
  256
 10
723.9208360338866
 20
234.9319205809101
 30
0
  0
VERTEX
  5
487
  8
1
  6
BYLAYER
 62
  256
 10
652.9021255103635
 20
234.9319205809101
 30
0
  0
VERTEX
  5
488
  8
1
  6
BYLAYER
 62
  256
 10
581.8833003404186
 20
234.9319205809101
 30
0
  0
SEQEND
  5
489
  8
1
  6
BYLAYER
 62
  256
  0
POLYLINE
  5
48A
  8
8
  6
BYLAYER
 62
  256
 66
    1
 10
0
 20
0
 30
0
 70
    1
  0
VERTEX
  5
48B
  8
8
  6
BYLAYER
 62
  256
 10
581.1683755103636
 20
241.9319205809102
 30
0
  0
VERTEX
  5
48C
  8
8
  6
BYLAYER
 62
  256
 10
510.9156817948315
 20
227.4305442747059
 30
0
  0
VERTEX
  5
48D
  8
8
  6
BYLAYER
 62
  256
 10
469.1580252863934
 20
429.7277463485933
 30
0
  0
VERTEX
  5
48E
  8
8
  6
BYLAYER
 62
  256
 10
458.7186111592837
 20
480.3020468670651
 30
0
  0
VERTEX
  5
48F
  8
8
  6
BYLAYER
 62
  256
 10
427.8410173569496
 20
629.8902027954025
 30
0
  0
VERTEX
  5
490
  8
8
  6
BYLAYER
 62
  256
 10
414.6077628702351
 20
693.9994124789757
 30
0
  0
VERTEX
  5
491
  8
8
  6
BYLAYER
 62
  256
 10
417.2665603121423
 20
694.5697555210069
 30
0
  0
VERTEX
  5
492
  8
8
  6
BYLAYER
 62
  256
 10
422.5728757722551
 20
695.9200644263919
 30
0
  0
VERTEX
  5
493
  8
8
  6
BYLAYER
 62
  256
 10
427.8544141303187
 20
697.5137330008376
 30
0
  0
VERTEX
  5
494
  8
8
  6
BYLAYER
 62
  256
 10
433.0986845045473
 20
699.341663781537
 30
0
  0
VERTEX
  5
495
  8
8
  6
BYLAYER
 62
  256
 10
438.2931960131541
 20
701.3947593056824
 30
0
  0
VERTEX
  5
496
  8
8
  6
BYLAYER
 62
  256
 10
443.4254577743533
 20
703.6639221104672
 30
0
  0
VERTEX
  5
497
  8
8
  6
BYLAYER
 62
  256
 10
448.4829789063586
 20
706.1400547330836
 30
0
  0
VERTEX
  5
498
  8
8
  6
BYLAYER
 62
  256
 10
453.4532685273839
 20
708.8140597107246
 30
0
  0
VERTEX
  5
499
  8
8
  6
BYLAYER
 62
  256
 10
458.3238357556426
 20
711.6768395805829
 30
0
  0
VERTEX
  5
49A
  8
8
  6
BYLAYER
 62
  256
 10
463.0821897093492
 20
714.7192968798512
 30
0
  0
VERTEX
  5
49B
  8
8
  6
BYLAYER
 62
  256
 10
467.7158395067171
 20
717.9323341457225
 30
0
  0
VERTEX
  5
49C
  8
8
  6
BYLAYER
 62
  256
 10
472.2122942659603
 20
721.3068539153892
 30
0
  0
VERTEX
  5
49D
  8
8
  6
BYLAYER
 62
  256
 10
476.5590631052924
 20
724.8337587260443
 30
0
  0
VERTEX
  5
49E
  8
8
  6
BYLAYER
 62
  256
 10
480.7436551429275
 20
728.5039511148804
 30
0
  0
VERTEX
  5
49F
  8
8
  6
BYLAYER
 62
  256
 10
484.7535794970793
 20
732.3083336190903
 30
0
  0
VERTEX
  5
4A0
  8
8
  6
BYLAYER
 62
  256
 10
488.5763452859614
 20
736.2378087758668
 30
0
  0
VERTEX
  5
4A1
  8
8
  6
BYLAYER
 62
  256
 10
490.4050613642038
 20
738.2512567442718
 30
0
  0
VERTEX
  5
4A2
  8
8
  6
BYLAYER
 62
  256
 10
494.0940491178322
 20
742.3342411288369
 30
0
  0
VERTEX
  5
4A3
  8
8
  6
BYLAYER
 62
  256
 10
501.5959441308355
 20
750.2587056905278
 30
0
  0
VERTEX
  5
4A4
  8
8
  6
BYLAYER
 62
  256
 10
509.2720348873298
 20
757.8867150398819
 30
0
  0
VERTEX
  5
4A5
  8
8
  6
BYLAYER
 62
  256
 10
517.1506462057534
 20
765.2108801064448
 30
0
  0
VERTEX
  5
4A6
  8
8
  6
BYLAYER
 62
  256
 10
523.2174257429976
 20
770.490261884462
 30
0
  0
VERTEX
  5
4A7
  8
8
  6
BYLAYER
 62
  256
 10
526.8747010436
 20
773.5342727304974
 30
0
  0
VERTEX
  5
4A8
  8
8
  6
BYLAYER
 62
  256
 10
527.4031474893216
 20
773.8165332793706
 30
0
  0
VERTEX
  5
4A9
  8
8
  6
BYLAYER
 62
  256
 10
532.1777151117814
 20
776.2486984202714
 30
0
  0
VERTEX
  5
4AA
  8
8
  6
BYLAYER
 62
  256
 10
537.0045558910836
 20
778.5873239220929
 30
0
  0
VERTEX
  5
4AB
  8
8
  6
BYLAYER
 62
  256
 10
541.8869506105118
 20
780.8307894684663
 30
0
  0
VERTEX
  5
4AC
  8
8
  6
BYLAYER
 62
  256
 10
546.8281800533498
 20
782.9774747430232
 30
0
  0
VERTEX
  5
4AD
  8
8
  6
BYLAYER
 62
  256
 10
551.8315250028812
 20
785.0257594293948
 30
0
  0
VERTEX
  5
4AE
  8
8
  6
BYLAYER
 62
  256
 10
556.9002662423902
 20
786.9740232112126
 30
0
  0
VERTEX
  5
4AF
  8
8
  6
BYLAYER
 62
  256
 10
562.0376845551606
 20
788.8206457721079
 30
0
  0
VERTEX
  5
4B0
  8
8
  6
BYLAYER
 62
  256
 10
567.2470607244759
 20
790.5640067957121
 30
0
  0
VERTEX
  5
4B1
  8
8
  6
BYLAYER
 62
  256
 10
572.5316755336199
 20
792.2024859656565
 30
0
  0
VERTEX
  5
4B2
  8
8
  6
BYLAYER
 62
  256
 10
577.8948097658764
 20
793.7344629655722
 30
0
  0
VERTEX
  5
4B3
  8
8
  6
BYLAYER
 62
  256
 10
583.3397442045296
 20
795.1583174790909
 30
0
  0
VERTEX
  5
4B4
  8
8
  6
BYLAYER
 62
  256
 10
588.869759632863
 20
796.472429189844
 30
0
  0
VERTEX
  5
4B5
  8
8
  6
BYLAYER
 62
  256
 10
594.4881368341601
 20
797.6751777814628
 30
0
  0
VERTEX
  5
4B6
  8
8
  6
BYLAYER
 62
  256
 10
600.1981565917051
 20
798.7649429375786
 30
0
  0
VERTEX
  5
4B7
  8
8
  6
BYLAYER
 62
  256
 10
606.0030996887818
 20
799.7401043418226
 30
0
  0
VERTEX
  5
4B8
  8
8
  6
BYLAYER
 62
  256
 10
611.9062469086742
 20
800.5990416778263
 30
0
  0
VERTEX
  5
4B9
  8
8
  6
BYLAYER
 62
  256
 10
617.9108790346654
 20
801.3401346292213
 30
0
  0
VERTEX
  5
4BA
  8
8
  6
BYLAYER
 62
  256
 10
624.0202768500399
 20
801.9617628796386
 30
0
  0
VERTEX
  5
4BB
  8
8
  6
BYLAYER
 62
  256
 10
630.2377211380812
 20
802.4623061127098
 30
0
  0
VERTEX
  5
4BC
  8
8
  6
BYLAYER
 62
  256
 10
636.566492682073
 20
802.8401440120662
 30
0
  0
VERTEX
  5
4BD
  8
8
  6
BYLAYER
 62
  256
 10
643.0098722652994
 20
803.093656261339
 30
0
  0
VERTEX
  5
4BE
  8
8
  6
BYLAYER
 62
  256
 10
649.5711406710438
 20
803.2212225441597
 30
0
  0
VERTEX
  5
4BF
  8
8
  6
BYLAYER
 62
  256
 10
652.9021255103635
 20
803.2319205809101
 30
0
  0
VERTEX
  5
4C0
  8
8
  6
BYLAYER
 62
  256
 10
655.6612274900733
 20
803.2220666775771
 30
0
  0
VERTEX
  5
4C1
  8
8
  6
BYLAYER
 62
  256
 10
661.2032437578977
 20
803.1041551707183
 30
0
  0
VERTEX
  5
4C2
  8
8
  6
BYLAYER
 62
  256
 10
666.7699635518933
 20
802.8690028232745
 30
0
  0
VERTEX
  5
4C3
  8
8
  6
BYLAYER
 62
  256
 10
672.3570854899323
 20
802.5172803015198
 30
0
  0
VERTEX
  5
4C4
  8
8
  6
BYLAYER
 62
  256
 10
677.960308189887
 20
802.0496582717283
 30
0
  0
VERTEX
  5
4C5
  8
8
  6
BYLAYER
 62
  256
 10
683.5753302696298
 20
801.4668074001742
 30
0
  0
VERTEX
  5
4C6
  8
8
  6
BYLAYER
 62
  256
 10
689.1978503470333
 20
800.7693983531311
 30
0
  0
VERTEX
  5
4C7
  8
8
  6
BYLAYER
 62
  256
 10
694.82356703997
 20
799.9581017968733
 30
0
  0
VERTEX
  5
4C8
  8
8
  6
BYLAYER
 62
  256
 10
700.4481789663121
 20
799.0335883976747
 30
0
  0
VERTEX
  5
4C9
  8
8
  6
BYLAYER
 62
  256
 10
706.0673847439317
 20
797.9965288218099
 30
0
  0
VERTEX
  5
4CA
  8
8
  6
BYLAYER
 62
  256
 10
711.6768829907016
 20
796.8475937355521
 30
0
  0
VERTEX
  5
4CB
  8
8
  6
BYLAYER
 62
  256
 10
717.2723723244937
 20
795.5874538051758
 30
0
  0
VERTEX
  5
4CC
  8
8
  6
BYLAYER
 62
  256
 10
722.849551363181
 20
794.216779696955
 30
0
  0
VERTEX
  5
4CD
  8
8
  6
BYLAYER
 62
  256
 10
728.4041187246354
 20
792.7362420771635
 30
0
  0
VERTEX
  5
4CE
  8
8
  6
BYLAYER
 62
  256
 10
733.9317730267294
 20
791.1465116120758
 30
0
  0
VERTEX
  5
4CF
  8
8
  6
BYLAYER
 62
  256
 10
739.4282128873356
 20
789.4482589679654
 30
0
  0
VERTEX
  5
4D0
  8
8
  6
BYLAYER
 62
  256
 10
744.8891369243264
 20
787.6421548111067
 30
0
  0
VERTEX
  5
4D1
  8
8
  6
BYLAYER
 62
  256
 10
750.3102437555737
 20
785.7288698077735
 30
0
  0
VERTEX
  5
4D2
  8
8
  6
BYLAYER
 62
  256
 10
755.6872319989503
 20
783.70907462424
 30
0
  0
VERTEX
  5
4D3
  8
8
  6
BYLAYER
 62
  256
 10
761.0158002723282
 20
781.5834399267802
 30
0
  0
VERTEX
  5
4D4
  8
8
  6
BYLAYER
 62
  256
 10
766.2916471935804
 20
779.3526363816682
 30
0
  0
VERTEX
  5
4D5
  8
8
  6
BYLAYER
 62
  256
 10
771.5104713805788
 20
777.0173346551778
 30
0
  0
VERTEX
  5
4D6
  8
8
  6
BYLAYER
 62
  256
 10
776.6679714511959
 20
774.5782054135832
 30
0
  0
VERTEX
  5
4D7
  8
8
  6
BYLAYER
 62
  256
 10
778.9295499771235
 20
773.4490378452451
 30
0
  0
VERTEX
  5
4D8
  8
8
  6
BYLAYER
 62
  256
 10
781.415676923968
 20
771.4928547069208
 30
0
  0
VERTEX
  5
4D9
  8
8
  6
BYLAYER
 62
  256
 10
785.7991662956919
 20
767.8873311776961
 30
0
  0
VERTEX
  5
4DA
  8
8
  6
BYLAYER
 62
  256
 10
790.0893746455087
 20
764.1971029537916
 30
0
  0
VERTEX
  5
4DB
  8
8
  6
BYLAYER
 62
  256
 10
794.2822250285011
 20
760.4236965349933
 30
0
  0
VERTEX
  5
4DC
  8
8
  6
BYLAYER
 62
  256
 10
798.3736404997513
 20
756.5686384210875
 30
0
  0
VERTEX
  5
4DD
  8
8
  6
BYLAYER
 62
  256
 10
802.3595441143415
 20
752.6334551118599
 30
0
  0
VERTEX
  5
4DE
  8
8
  6
BYLAYER
 62
  256
 10
806.235858927354
 20
748.6196731070969
 30
0
  0
VERTEX
  5
4DF
  8
8
  6
BYLAYER
 62
  256
 10
809.9985079938714
 20
744.5288189065843
 30
0
  0
VERTEX
  5
4E0
  8
8
  6
BYLAYER
 62
  256
 10
813.6434143689754
 20
740.3624190101083
 30
0
  0
VERTEX
  5
4E1
  8
8
  6
BYLAYER
 62
  256
 10
815.4152792474282
 20
738.248314125972
 30
0
  0
VERTEX
  5
4E2
  8
8
  6
BYLAYER
 62
  256
 10
817.1708658381178
 20
736.1717765939059
 30
0
  0
VERTEX
  5
4E3
  8
8
  6
BYLAYER
 62
  256
 10
820.8773559633438
 20
732.141979918774
 30
0
  0
VERTEX
  5
4E4
  8
8
  6
BYLAYER
 62
  256
 10
824.803768479209
 20
728.2655306887887
 30
0
  0
VERTEX
  5
4E5
  8
8
  6
BYLAYER
 62
  256
 10
828.9340390057387
 20
724.5484437687786
 30
0
  0
VERTEX
  5
4E6
  8
8
  6
BYLAYER
 62
  256
 10
833.252103162959
 20
720.9967340235722
 30
0
  0
VERTEX
  5
4E7
  8
8
  6
BYLAYER
 62
  256
 10
837.7418965708957
 20
717.6164163179985
 30
0
  0
VERTEX
  5
4E8
  8
8
  6
BYLAYER
 62
  256
 10
842.3873548495744
 20
714.4135055168858
 30
0
  0
VERTEX
  5
4E9
  8
8
  6
BYLAYER
 62
  256
 10
847.1724136190207
 20
711.394016485063
 30
0
  0
VERTEX
  5
4EA
  8
8
  6
BYLAYER
 62
  256
 10
852.0810084992609
 20
708.5639640873588
 30
0
  0
VERTEX
  5
4EB
  8
8
  6
BYLAYER
 62
  256
 10
857.0970751103198
 20
705.9293631886019
 30
0
  0
VERTEX
  5
4EC
  8
8
  6
BYLAYER
 62
  256
 10
862.2045490722237
 20
703.4962286536208
 30
0
  0
VERTEX
  5
4ED
  8
8
  6
BYLAYER
 62
  256
 10
867.3873660049986
 20
701.2705753472444
 30
0
  0
VERTEX
  5
4EE
  8
8
  6
BYLAYER
 62
  256
 10
872.6294615286698
 20
699.2584181343013
 30
0
  0
VERTEX
  5
4EF
  8
8
  6
BYLAYER
 62
  256
 10
877.9147712632633
 20
697.4657718796202
 30
0
  0
VERTEX
  5
4F0
  8
8
  6
BYLAYER
 62
  256
 10
883.2272308288046
 20
695.8986514480298
 30
0
  0
VERTEX
  5
4F1
  8
8
  6
BYLAYER
 62
  256
 10
888.5507758453194
 20
694.5630717043588
 30
0
  0
VERTEX
  5
4F2
  8
8
  6
BYLAYER
 62
  256
 10
891.2111431489923
 20
693.994012693467
 30
0
  0
VERTEX
  5
4F3
  8
8
  6
BYLAYER
 62
  256
 10
877.9758103822506
 20
629.8852320381141
 30
0
  0
VERTEX
  5
4F4
  8
8
  6
BYLAYER
 62
  256
 10
847.0933672598539
 20
480.2980771756244
 30
0
  0
VERTEX
  5
4F5
  8
8
  6
BYLAYER
 62
  256
 10
836.6523136247989
 20
429.7241151077787
 30
0
  0
VERTEX
  5
4F6
  8
8
  6
BYLAYER
 62
  256
 10
794.8880990845788
 20
227.4282668363954
 30
0
  0
VERTEX
  5
4F7
  8
8
  6
BYLAYER
 62
  256
 10
724.6358755103637
 20
241.9319205809102
 30
0
  0
VERTEX
  5
4F8
  8
8
  6
BYLAYER
 62
  256
 10
652.9021255103635
 20
241.9319205809102
 30
0
  0
SEQEND
  5
4F9
  8
8
  6
BYLAYER
 62
  256
  0
POLYLINE
  5
4FA
  8
8
  6
BYLAYER
 62
  256
 66
    1
 10
0
 20
0
 30
0
 70
    0
  0
VERTEX
  5
4FB
  8
8
  6
BYLAYER
 62
  256
 10
609.4271255103636
 20
241.9319205809102
 30
0
  0
VERTEX
  5
4FC
  8
8
  6
BYLAYER
 62
  256
 10
583.7771255103634
 20
448.4939205809101
 30
0
  0
VERTEX
  5
4FD
  8
8
  6
BYLAYER
 62
  256
 10
583.0021255103635
 20
500.1344205809103
 30
0
  0
VERTEX
  5
4FE
  8
8
  6
BYLAYER
 62
  256
 10
573.3021255103636
 20
652.8761705809101
 30
0
  0
VERTEX
  5
4FF
  8
8
  6
BYLAYER
 62
  256
 10
572.6021255103635
 20
718.33692058091
 30
0
  0
SEQEND
  5
500
  8
8
  6
BYLAYER
 62
  256
  0
POLYLINE
  5
501
  8
8
  6
BYLAYER
 62
  256
 66
    1
 10
0
 20
0
 30
0
 70
    0
  0
VERTEX
  5
502
  8
8
  6
BYLAYER
 62
  256
 10
733.2021255103635
 20
718.33692058091
 30
0
  0
VERTEX
  5
503
  8
8
  6
BYLAYER
 62
  256
 10
732.5021255103634
 20
652.8761705809101
 30
0
  0
VERTEX
  5
504
  8
8
  6
BYLAYER
 62
  256
 10
722.8021255103635
 20
500.1344205809103
 30
0
  0
VERTEX
  5
505
  8
8
  6
BYLAYER
 62
  256
 10
722.0271255103635
 20
448.4939205809101
 30
0
  0
VERTEX
  5
506
  8
8
  6
BYLAYER
 62
  256
 10
696.3771255103635
 20
241.9319205809102
 30
0
  0
SEQEND
  5
507
  8
8
  6
BYLAYER
 62
  256
  0
POLYLINE
  5
508
  8
8
  6
BYLAYER
 62
  256
 66
    1
 10
0
 20
0
 30
0
 70
    0
  0
VERTEX
  5
509
  8
8
  6
BYLAYER
 62
  256
 10
493.2498428584864
 20
710.2325038395725
 30
0
  0
VERTEX
  5
50A
  8
8
  6
BYLAYER
 62
  256
 10
505.7975499480431
 20
645.9817852649354
 30
0
  0
VERTEX
  5
50B
  8
8
  6
BYLAYER
 62
  256
 10
527.1754155326183
 20
494.4327204175723
 30
0
  0
VERTEX
  5
50C
  8
8
  6
BYLAYER
 62
  256
 10
536.8558307557317
 20
443.701749341137
 30
0
  0
VERTEX
  5
50D
  8
8
  6
BYLAYER
 62
  256
 10
553.4930719254569
 20
236.2192571875568
 30
0
  0
SEQEND
  5
50E
  8
8
  6
BYLAYER
 62
  256
  0
POLYLINE
  5
50F
  8
8
  6
BYLAYER
 62
  256
 66
    1
 10
0
 20
0
 30
0
 70
    0
  0
VERTEX
  5
510
  8
8
  6
BYLAYER
 62
  256
 10
752.3109938880839
 20
236.2183600148894
 30
0
  0
VERTEX
  5
511
  8
8
  6
BYLAYER
 62
  256
 10
768.9549611990894
 20
443.7003127147571
 30
0
  0
VERTEX
  5
512
  8
8
  6
BYLAYER
 62
  256
 10
778.63702100948
 20
494.4309699456467
 30
0
  0
VERTEX
  5
513
  8
8
  6
BYLAYER
 62
  256
 10
800.0197994876905
 20
645.9793416875241
 30
0
  0
VERTEX
  5
514
  8
8
  6
BYLAYER
 62
  256
 10
812.569589445058
 20
710.2296534578842
 30
0
  0
SEQEND
  5
515
  8
8
  6
BYLAYER
 62
  256
  0
LINE
  5
516
  8
7
  6
BYLAYER
 62
  256
 10
652.9021255103635
 20
253.8381705809102
 11
652.9021255103635
 21
791.3256705809101
  0
TEXT
  5
517
  8
1
  6
BYLAYER
 62
  256
 10
602.9021255103636
 20
750.83692058091
 30
0
 40
2.5
  1
Piece Name: Sleeve
 50
0
 41
1
 51
0
  7
STANDARD
 71
    0
210
0
220
0
230
1
  0
TEXT
  5
518
  8
1
  6
BYLAYER
 62
  256
 10
602.9021255103636
 20
748.3369205809101
 30
0
 40
2.5
  1
File Name: GBlock-201-Sweatshirt-Parametric-Scalable-V2-Hood-SG-EXTRA
 50
0
 41
1
 51
0
  7
STANDARD
 71
    0
210
0
220
0
230
1
  0
TEXT
  5
519
  8
1
  6
BYLAYER
 62
  256
 10
602.9021255103636
 20
745.8369205809101
 30
0
 40
2.5
  1
Measurement Name: SG-EXTRA
 50
0
 41
1
 51
0
  7
STANDARD
 71
    0
210
0
220
0
230
1
  0
TEXT
  5
51A
  8
1
  6
BYLAYER
 62
  256
 10
602.9021255103636
 20
743.3369205809101
 30
0
 40
2.5
  1
Date: 10-30-2025
 50
0
 41
1
 51
0
  7
STANDARD
 71
    0
210
0
220
0
230
1
  0
ENDBLK
  8
1
  0
BLOCK
  8
1
  2
PKT_BAG
 70
    0
 10
0
 20
0
  3
PKT_BAG
  1

  0
POLYLINE
  5
51B
  8
1
  6
BYLAYER
 62
  256
 66
    1
 10
0
 20
0
 30
0
 70
    1
  0
VERTEX
  5
51C
  8
1
  6
BYLAYER
 62
  256
 10
33.50208497244021
 20
1377.488681910835
 30
0
  0
VERTEX
  5
51D
  8
1
  6
BYLAYER
 62
  256
 10
40.41366451712533
 20
1405.187223835621
 30
0
  0
VERTEX
  5
51E
  8
1
  6
BYLAYER
 62
  256
 10
75.1915085195798
 20
1544.561380485008
 30
0
  0
VERTEX
  5
51F
  8
1
  6
BYLAYER
 62
  256
 10
77.40297301617677
 20
1549.619893861116
 30
0
  0
VERTEX
  5
520
  8
1
  6
BYLAYER
 62
  256
 10
81.30203133578996
 20
1558.049970786579
 30
0
  0
VERTEX
  5
521
  8
1
  6
BYLAYER
 62
  256
 10
85.19278669003204
 20
1565.763667494551
 30
0
  0
VERTEX
  5
522
  8
1
  6
BYLAYER
 62
  256
 10
88.14733798799502
 20
1571.065272277382
 30
0
  0
VERTEX
  5
523
  8
1
  6
BYLAYER
 62
  256
 10
90.15990029510027
 20
1574.417149796499
 30
0
  0
VERTEX
  5
524
  8
1
  6
BYLAYER
 62
  256
 10
92.20165497420791
 20
1577.584012488207
 30
0
  0
VERTEX
  5
525
  8
1
  6
BYLAYER
 62
  256
 10
94.29028236540871
 20
1580.579416162017
 30
0
  0
VERTEX
  5
526
  8
1
  6
BYLAYER
 62
  256
 10
96.43608755216381
 20
1583.403161755602
 30
0
  0
VERTEX
  5
527
  8
1
  6
BYLAYER
 62
  256
 10
98.64962700761333
 20
1586.053965633971
 30
0
  0
VERTEX
  5
528
  8
1
  6
BYLAYER
 62
  256
 10
100.9413966654093
 20
1588.529125674612
 30
0
  0
VERTEX
  5
529
  8
1
  6
BYLAYER
 62
  256
 10
103.3213406133423
 20
1590.824226258409
 30
0
  0
VERTEX
  5
52A
  8
1
  6
BYLAYER
 62
  256
 10
105.7981761629878
 20
1592.932982721155
 30
0
  0
VERTEX
  5
52B
  8
1
  6
BYLAYER
 62
  256
 10
108.3785941192501
 20
1594.847353828374
 30
0
  0
VERTEX
  5
52C
  8
1
  6
BYLAYER
 62
  256
 10
111.0664828101582
 20
1596.558039322279
 30
0
  0
VERTEX
  5
52D
  8
1
  6
BYLAYER
 62
  256
 10
113.8624080536984
 20
1598.055399761379
 30
0
  0
VERTEX
  5
52E
  8
1
  6
BYLAYER
 62
  256
 10
116.7635993945373
 20
1599.330686909713
 30
0
  0
VERTEX
  5
52F
  8
1
  6
BYLAYER
 62
  256
 10
119.7645920117446
 20
1600.377308987063
 30
0
  0
VERTEX
  5
530
  8
1
  6
BYLAYER
 62
  256
 10
122.8584611060523
 20
1601.191774244326
 30
0
  0
VERTEX
  5
531
  8
1
  6
BYLAYER
 62
  256
 10
126.0383568269002
 20
1601.774033812097
 30
0
  0
VERTEX
  5
532
  8
1
  6
BYLAYER
 62
  256
 10
129.2989346092594
 20
1602.127158674289
 30
0
  0
VERTEX
  5
533
  8
1
  6
BYLAYER
 62
  256
 10
132.6373437478479
 20
1602.256518182891
 30
0
  0
VERTEX
  5
534
  8
1
  6
BYLAYER
 62
  256
 10
136.0536331075701
 20
1602.16875513078
 30
0
  0
VERTEX
  5
535
  8
1
  6
BYLAYER
 62
  256
 10
139.5506366952986
 20
1601.870835512593
 30
0
  0
VERTEX
  5
536
  8
1
  6
BYLAYER
 62
  256
 10
143.1335208257871
 20
1601.369340797445
 30
0
  0
VERTEX
  5
537
  8
1
  6
BYLAYER
 62
  256
 10
146.8091913243384
 20
1600.670047066121
 30
0
  0
VERTEX
  5
538
  8
1
  6
BYLAYER
 62
  256
 10
150.5857106106224
 20
1599.777751060737
 30
0
  0
VERTEX
  5
539
  8
1
  6
BYLAYER
 62
  256
 10
154.4718076969698
 20
1598.696268711986
 30
0
  0
VERTEX
  5
53A
  8
1
  6
BYLAYER
 62
  256
 10
158.476509080133
 20
1597.428532734417
 30
0
  0
VERTEX
  5
53B
  8
1
  6
BYLAYER
 62
  256
 10
162.5943874445643
 20
1595.981826492851
 30
0
  0
VERTEX
  5
53C
  8
1
  6
BYLAYER
 62
  256
 10
164.7909936097011
 20
1595.151954454811
 30
0
  0
VERTEX
  5
53D
  8
1
  6
BYLAYER
 62
  256
 10
167.8386403511025
 20
1593.909480937482
 30
0
  0
VERTEX
  5
53E
  8
1
  6
BYLAYER
 62
  256
 10
173.7482799165274
 20
1591.160310002743
 30
0
  0
VERTEX
  5
53F
  8
1
  6
BYLAYER
 62
  256
 10
179.6125277336568
 20
1588.016433032471
 30
0
  0
VERTEX
  5
540
  8
1
  6
BYLAYER
 62
  256
 10
185.3866822053278
 20
1584.496178087885
 30
0
  0
VERTEX
  5
541
  8
1
  6
BYLAYER
 62
  256
 10
191.057183248941
 20
1580.60327930849
 30
0
  0
VERTEX
  5
542
  8
1
  6
BYLAYER
 62
  256
 10
196.6105407855081
 20
1576.341328728868
 30
0
  0
VERTEX
  5
543
  8
1
  6
BYLAYER
 62
  256
 10
202.0333074666684
 20
1571.713793142761
 30
0
  0
VERTEX
  5
544
  8
1
  6
BYLAYER
 62
  256
 10
207.3120589935159
 20
1566.724031924358
 30
0
  0
VERTEX
  5
545
  8
1
  6
BYLAYER
 62
  256
 10
212.4333808560837
 20
1561.375314447963
 30
0
  0
VERTEX
  5
546
  8
1
  6
BYLAYER
 62
  256
 10
217.3838603195241
 20
1555.670836177658
 30
0
  0
VERTEX
  5
547
  8
1
  6
BYLAYER
 62
  256
 10
222.1500825508771
 20
1549.613732837217
 30
0
  0
VERTEX
  5
548
  8
1
  6
BYLAYER
 62
  256
 10
226.7186298844918
 20
1543.207092329821
 30
0
  0
VERTEX
  5
549
  8
1
  6
BYLAYER
 62
  256
 10
231.0760833427899
 20
1536.4539642723
 30
0
  0
VERTEX
  5
54A
  8
1
  6
BYLAYER
 62
  256
 10
235.2090256497283
 20
1529.35736715367
 30
0
  0
VERTEX
  5
54B
  8
1
  6
BYLAYER
 62
  256
 10
239.1040450906484
 20
1521.920293234827
 30
0
  0
VERTEX
  5
54C
  8
1
  6
BYLAYER
 62
  256
 10
242.7477396818073
 20
1514.145711384191
 30
0
  0
VERTEX
  5
54D
  8
1
  6
BYLAYER
 62
  256
 10
246.1267212151654
 20
1506.036568099457
 30
0
  0
VERTEX
  5
54E
  8
1
  6
BYLAYER
 62
  256
 10
249.2276188393732
 20
1497.595787002525
 30
0
  0
VERTEX
  5
54F
  8
1
  6
BYLAYER
 62
  256
 10
252.0370819265476
 20
1488.826267115922
 30
0
  0
VERTEX
  5
550
  8
1
  6
BYLAYER
 62
  256
 10
254.5417820564639
 20
1479.730880236304
 30
0
  0
VERTEX
  5
551
  8
1
  6
BYLAYER
 62
  256
 10
256.7284140246602
 20
1470.312467715264
 30
0
  0
VERTEX
  5
552
  8
1
  6
BYLAYER
 62
  256
 10
258.5836958478836
 20
1460.573836941009
 30
0
  0
VERTEX
  5
553
  8
1
  6
BYLAYER
 62
  256
 10
260.0943677982503
 20
1450.517757787986
 30
0
  0
VERTEX
  5
554
  8
1
  6
BYLAYER
 62
  256
 10
261.2471905454822
 20
1440.146959267036
 30
0
  0
VERTEX
  5
555
  8
1
  6
BYLAYER
 62
  256
 10
262.0289425238458
 20
1429.464126568429
 30
0
  0
VERTEX
  5
556
  8
1
  6
BYLAYER
 62
  256
 10
262.4264166666667
 20
1418.471898646392
 30
0
  0
VERTEX
  5
557
  8
1
  6
BYLAYER
 62
  256
 10
262.4264166666667
 20
1407.183099646443
 30
0
  0
VERTEX
  5
558
  8
1
  6
BYLAYER
 62
  256
 10
262.1444780016682
 20
1398.498898197509
 30
0
  0
VERTEX
  5
559
  8
1
  6
BYLAYER
 62
  256
 10
261.8334683001451
 20
1392.611444774855
 30
0
  0
VERTEX
  5
55A
  8
1
  6
BYLAYER
 62
  256
 10
261.4162115418624
 20
1386.658920047301
 30
0
  0
VERTEX
  5
55B
  8
1
  6
BYLAYER
 62
  256
 10
260.8905194439786
 20
1380.631412533526
 30
0
  0
VERTEX
  5
55C
  8
1
  6
BYLAYER
 62
  256
 10
260.2547431422017
 20
1374.529224645444
 30
0
  0
VERTEX
  5
55D
  8
1
  6
BYLAYER
 62
  256
 10
259.5072333488199
 20
1368.352655811441
 30
0
  0
VERTEX
  5
55E
  8
1
  6
BYLAYER
 62
  256
 10
258.6463402323316
 20
1362.102002528143
 30
0
  0
VERTEX
  5
55F
  8
1
  6
BYLAYER
 62
  256
 10
258.4558701438643
 20
1360.867670949441
 30
0
  0
VERTEX
  5
560
  8
1
  6
BYLAYER
 62
  256
 10
257.670413301953
 20
1355.777558420587
 30
0
  0
VERTEX
  5
561
  8
1
  6
BYLAYER
 62
  256
 10
256.5778012976015
 20
1349.379614310161
 30
0
  0
VERTEX
  5
562
  8
1
  6
BYLAYER
 62
  256
 10
255.3685254436861
 20
1342.917400497462
 30
0
  0
VERTEX
  5
563
  8
1
  6
BYLAYER
 62
  256
 10
253.3340156604295
 20
1332.779088593728
 30
0
  0
VERTEX
  5
564
  8
1
  6
BYLAYER
 62
  256
 10
33.50208497244021
 20
1377.488681910835
 30
0
  0
SEQEND
  5
565
  8
1
  6
BYLAYER
 62
  256
  0
POLYLINE
  5
566
  8
8
  6
BYLAYER
 62
  256
 66
    1
 10
0
 20
0
 30
0
 70
    1
  0
VERTEX
  5
567
  8
8
  6
BYLAYER
 62
  256
 10
47.20541460796625
 20
1403.492487660412
 30
0
  0
VERTEX
  5
568
  8
8
  6
BYLAYER
 62
  256
 10
81.84090282823121
 20
1542.296145543819
 30
0
  0
VERTEX
  5
569
  8
8
  6
BYLAYER
 62
  256
 10
83.78728657038667
 20
1546.748312065092
 30
0
  0
VERTEX
  5
56A
  8
8
  6
BYLAYER
 62
  256
 10
87.60550153560509
 20
1555.003599171938
 30
0
  0
VERTEX
  5
56B
  8
8
  6
BYLAYER
 62
  256
 10
91.37769262895984
 20
1562.482233876361
 30
0
  0
VERTEX
  5
56C
  8
8
  6
BYLAYER
 62
  256
 10
94.20686891804152
 20
1567.558867528316
 30
0
  0
VERTEX
  5
56D
  8
8
  6
BYLAYER
 62
  256
 10
96.10369567649573
 20
1570.717990079144
 30
0
  0
VERTEX
  5
56E
  8
8
  6
BYLAYER
 62
  256
 10
98.01616593638846
 20
1573.684326229627
 30
0
  0
VERTEX
  5
56F
  8
8
  6
BYLAYER
 62
  256
 10
99.95031291314309
 20
1576.458181913157
 30
0
  0
VERTEX
  5
570
  8
8
  6
BYLAYER
 62
  256
 10
101.9121698221832
 20
1579.039863063124
 30
0
  0
VERTEX
  5
571
  8
8
  6
BYLAYER
 62
  256
 10
103.907769878932
 20
1581.42967561292
 30
0
  0
VERTEX
  5
572
  8
8
  6
BYLAYER
 62
  256
 10
105.9431462988123
 20
1583.627925495937
 30
0
  0
VERTEX
  5
573
  8
8
  6
BYLAYER
 62
  256
 10
108.0243322972478
 20
1585.634918645565
 30
0
  0
VERTEX
  5
574
  8
8
  6
BYLAYER
 62
  256
 10
110.1573610896617
 20
1587.450960995196
 30
0
  0
VERTEX
  5
575
  8
8
  6
BYLAYER
 62
  256
 10
112.3482658914772
 20
1589.076358478221
 30
0
  0
VERTEX
  5
576
  8
8
  6
BYLAYER
 62
  256
 10
114.6030799181174
 20
1590.511417028031
 30
0
  0
VERTEX
  5
577
  8
8
  6
BYLAYER
 62
  256
 10
116.9278363850058
 20
1591.756442578018
 30
0
  0
VERTEX
  5
578
  8
8
  6
BYLAYER
 62
  256
 10
119.3285685075655
 20
1592.811741061574
 30
0
  0
VERTEX
  5
579
  8
8
  6
BYLAYER
 62
  256
 10
121.8113095012202
 20
1593.677618412089
 30
0
  0
VERTEX
  5
57A
  8
8
  6
BYLAYER
 62
  256
 10
124.3820925813923
 20
1594.354380562954
 30
0
  0
VERTEX
  5
57B
  8
8
  6
BYLAYER
 62
  256
 10
127.0469509635059
 20
1594.842333447562
 30
0
  0
VERTEX
  5
57C
  8
8
  6
BYLAYER
 62
  256
 10
129.8119178629837
 20
1595.141782999303
 30
0
  0
VERTEX
  5
57D
  8
8
  6
BYLAYER
 62
  256
 10
132.6830264952494
 20
1595.253035151569
 30
0
  0
VERTEX
  5
57E
  8
8
  6
BYLAYER
 62
  256
 10
135.666310075726
 20
1595.17639583775
 30
0
  0
VERTEX
  5
57F
  8
8
  6
BYLAYER
 62
  256
 10
138.767801819837
 20
1594.912170991239
 30
0
  0
VERTEX
  5
580
  8
8
  6
BYLAYER
 62
  256
 10
141.9935349430052
 20
1594.460666545427
 30
0
  0
VERTEX
  5
581
  8
8
  6
BYLAYER
 62
  256
 10
145.3495426606542
 20
1593.822188433705
 30
0
  0
VERTEX
  5
582
  8
8
  6
BYLAYER
 62
  256
 10
148.8418581882074
 20
1592.997042589463
 30
0
  0
VERTEX
  5
583
  8
8
  6
BYLAYER
 62
  256
 10
152.4765147410878
 20
1591.985534946095
 30
0
  0
VERTEX
  5
584
  8
8
  6
BYLAYER
 62
  256
 10
156.2595455347188
 20
1590.78797143699
 30
0
  0
VERTEX
  5
585
  8
8
  6
BYLAYER
 62
  256
 10
160.1969837845234
 20
1589.40465799554
 30
0
  0
VERTEX
  5
586
  8
8
  6
BYLAYER
 62
  256
 10
162.232301805282
 20
1588.635720194694
 30
0
  0
VERTEX
  5
587
  8
8
  6
BYLAYER
 62
  256
 10
165.039423499023
 20
1587.491304630707
 30
0
  0
VERTEX
  5
588
  8
8
  6
BYLAYER
 62
  256
 10
170.6157632733299
 20
1584.897185131534
 30
0
  0
VERTEX
  5
589
  8
8
  6
BYLAYER
 62
  256
 10
176.1342301591415
 20
1581.938684485835
 30
0
  0
VERTEX
  5
58A
  8
8
  6
BYLAYER
 62
  256
 10
181.5810590979178
 20
1578.617985914623
 30
0
  0
VERTEX
  5
58B
  8
8
  6
BYLAYER
 62
  256
 10
186.942485031119
 20
1574.937272638909
 30
0
  0
VERTEX
  5
58C
  8
8
  6
BYLAYER
 62
  256
 10
192.2047429002059
 20
1570.898727879707
 30
0
  0
VERTEX
  5
58D
  8
8
  6
BYLAYER
 62
  256
 10
197.3540676466381
 20
1566.50453485803
 30
0
  0
VERTEX
  5
58E
  8
8
  6
BYLAYER
 62
  256
 10
202.3766942118761
 20
1561.756876794892
 30
0
  0
VERTEX
  5
58F
  8
8
  6
BYLAYER
 62
  256
 10
207.2588575373804
 20
1556.657936911303
 30
0
  0
VERTEX
  5
590
  8
8
  6
BYLAYER
 62
  256
 10
211.9867925646109
 20
1551.209898428278
 30
0
  0
VERTEX
  5
591
  8
8
  6
BYLAYER
 62
  256
 10
216.5467342350281
 20
1545.414944566829
 30
0
  0
VERTEX
  5
592
  8
8
  6
BYLAYER
 62
  256
 10
220.9249174900922
 20
1539.275258547969
 30
0
  0
VERTEX
  5
593
  8
8
  6
BYLAYER
 62
  256
 10
225.1075772712636
 20
1532.79302359271
 30
0
  0
VERTEX
  5
594
  8
8
  6
BYLAYER
 62
  256
 10
229.0809485200025
 20
1525.970422922067
 30
0
  0
VERTEX
  5
595
  8
8
  6
BYLAYER
 62
  256
 10
232.831266177769
 20
1518.809639757051
 30
0
  0
VERTEX
  5
596
  8
8
  6
BYLAYER
 62
  256
 10
236.3447651860236
 20
1511.312857318675
 30
0
  0
VERTEX
  5
597
  8
8
  6
BYLAYER
 62
  256
 10
239.6076804862263
 20
1503.482258827952
 30
0
  0
VERTEX
  5
598
  8
8
  6
BYLAYER
 62
  256
 10
242.6062470198376
 20
1495.320027505895
 30
0
  0
VERTEX
  5
599
  8
8
  6
BYLAYER
 62
  256
 10
245.3266997283176
 20
1486.828346573518
 30
0
  0
VERTEX
  5
59A
  8
8
  6
BYLAYER
 62
  256
 10
247.7552735531268
 20
1478.009399251832
 30
0
  0
VERTEX
  5
59B
  8
8
  6
BYLAYER
 62
  256
 10
249.8782034357253
 20
1468.86536876185
 30
0
  0
VERTEX
  5
59C
  8
8
  6
BYLAYER
 62
  256
 10
251.6817243175732
 20
1459.398438324585
 30
0
  0
VERTEX
  5
59D
  8
8
  6
BYLAYER
 62
  256
 10
253.1520711401312
 20
1449.610791161051
 30
0
  0
VERTEX
  5
59E
  8
8
  6
BYLAYER
 62
  256
 10
254.2754788448592
 20
1439.50461049226
 30
0
  0
VERTEX
  5
59F
  8
8
  6
BYLAYER
 62
  256
 10
255.0381823732177
 20
1429.082079539225
 30
0
  0
VERTEX
  5
5A0
  8
8
  6
BYLAYER
 62
  256
 10
255.4264166666668
 20
1418.345381522958
 30
0
  0
VERTEX
  5
5A1
  8
8
  6
BYLAYER
 62
  256
 10
255.4264166666668
 20
1407.296699664473
 30
0
  0
VERTEX
  5
5A2
  8
8
  6
BYLAYER
 62
  256
 10
255.1504722702539
 20
1398.797132117873
 30
0
  0
VERTEX
  5
5A3
  8
8
  6
BYLAYER
 62
  256
 10
254.8463918077861
 20
1393.040850076666
 30
0
  0
VERTEX
  5
5A4
  8
8
  6
BYLAYER
 62
  256
 10
254.4375099265274
 20
1387.207800136724
 30
0
  0
VERTEX
  5
5A5
  8
8
  6
BYLAYER
 62
  256
 10
253.9221059941604
 20
1381.298255200674
 30
0
  0
VERTEX
  5
5A6
  8
8
  6
BYLAYER
 62
  256
 10
253.2984593783677
 20
1375.312488171142
 30
0
  0
VERTEX
  5
5A7
  8
8
  6
BYLAYER
 62
  256
 10
252.5648494468316
 20
1369.250771950756
 30
0
  0
VERTEX
  5
5A8
  8
8
  6
BYLAYER
 62
  256
 10
251.7195555672347
 20
1363.11337944214
 30
0
  0
VERTEX
  5
5A9
  8
8
  6
BYLAYER
 62
  256
 10
251.5377515625055
 20
1361.93520797187
 30
0
  0
VERTEX
  5
5AA
  8
8
  6
BYLAYER
 62
  256
 10
250.7608571072598
 20
1356.900583547923
 30
0
  0
VERTEX
  5
5AB
  8
8
  6
BYLAYER
 62
  256
 10
249.6870334345892
 20
1350.61265717073
 30
0
  0
VERTEX
  5
5AC
  8
8
  6
BYLAYER
 62
  256
 10
248.4963639169053
 20
1344.249873213189
 30
0
  0
VERTEX
  5
5AD
  8
8
  6
BYLAYER
 62
  256
 10
247.8516981521889
 20
1341.037392914424
 30
0
  0
VERTEX
  5
5AE
  8
8
  6
BYLAYER
 62
  256
 10
42.06463601322856
 20
1382.89052966922
 30
0
  0
SEQEND
  5
5AF
  8
8
  6
BYLAYER
 62
  256
  0
POLYLINE
  5
5B0
  8
8
  6
BYLAYER
 62
  256
 66
    1
 10
0
 20
0
 30
0
 70
    0
  0
VERTEX
  5
5B1
  8
8
  6
BYLAYER
 62
  256
 10
74.50173019473341
 20
1397.940940330555
 30
0
  0
VERTEX
  5
5B2
  8
8
  6
BYLAYER
 62
  256
 10
231.2918717618597
 20
1366.052831146088
 30
0
  0
SEQEND
  5
5B3
  8
8
  6
BYLAYER
 62
  256
  0
LINE
  5
5B4
  8
4
  6
BYLAYER
 62
  256
 10
48.72085858404643
 20
1404.402668716775
 11
47.50804606782483
 21
1404.705300176633
  0
LINE
  5
5B5
  8
4
  6
BYLAYER
 62
  256
 10
48.11559566432914
 20
1401.977043684331
 11
46.90278314810767
 21
1402.27967514419
  0
LINE
  5
5B6
  8
4
  6
BYLAYER
 62
  256
 10
48.35917782625972
 20
1401.93322972573
 11
48.11559566432854
 21
1401.977043684331
  0
LINE
  5
5B7
  8
4
  6
BYLAYER
 62
  256
 10
48.84165078642499
 20
1402.005242626821
 11
48.35917782625972
 21
1401.93322972573
  0
LINE
  5
5B8
  8
4
  6
BYLAYER
 62
  256
 10
49.06182232124943
 20
1402.118275488558
 11
48.84165078642499
 21
1402.005242626821
  0
LINE
  5
5B9
  8
4
  6
BYLAYER
 62
  256
 10
49.26504206696445
 20
1402.259532939798
 11
49.06182232124943
 21
1402.118275488558
  0
LINE
  5
5BA
  8
4
  6
BYLAYER
 62
  256
 10
49.55528115814171
 20
1402.651613652365
 11
49.26504206696445
 21
1402.259532939798
  0
LINE
  5
5BB
  8
4
  6
BYLAYER
 62
  256
 10
49.63103964040932
 20
1402.887224740694
 11
49.55528115814171
 21
1402.651613652365
  0
LINE
  5
5BC
  8
4
  6
BYLAYER
 62
  256
 10
49.67485359901054
 20
1403.130806902625
 11
49.63103964040932
 21
1402.887224740694
  0
LINE
  5
5BD
  8
4
  6
BYLAYER
 62
  256
 10
49.60284069791926
 20
1403.61327986279
 11
49.67485359901054
 21
1403.130806902625
  0
LINE
  5
5BE
  8
4
  6
BYLAYER
 62
  256
 10
49.48980783618248
 20
1403.833451397614
 11
49.60284069791926
 21
1403.61327986279
  0
LINE
  5
5BF
  8
4
  6
BYLAYER
 62
  256
 10
49.34855038494265
 20
1404.03667114333
 11
49.48980783618248
 21
1403.833451397614
  0
LINE
  5
5C0
  8
4
  6
BYLAYER
 62
  256
 10
48.95646967237585
 20
1404.326910234507
 11
49.34855038494265
 21
1404.03667114333
  0
LINE
  5
5C1
  8
4
  6
BYLAYER
 62
  256
 10
48.72085858404643
 20
1404.402668716775
 11
48.95646967237585
 21
1404.326910234507
  0
LINE
  5
5C2
  8
4
  6
BYLAYER
 62
  256
 10
41.92910849320538
 20
1406.097404891984
 11
40.71629597698391
 21
1406.400036351842
  0
LINE
  5
5C3
  8
4
  6
BYLAYER
 62
  256
 10
41.32384557348833
 20
1403.67177985954
 11
40.11103305726687
 21
1403.974411319399
  0
LINE
  5
5C4
  8
4
  6
BYLAYER
 62
  256
 10
41.5674277354188
 20
1403.627965900939
 11
41.32384557348774
 21
1403.671779859541
  0
LINE
  5
5C5
  8
4
  6
BYLAYER
 62
  256
 10
42.04990069558406
 20
1403.699978802031
 11
41.5674277354188
 21
1403.627965900939
  0
LINE
  5
5C6
  8
4
  6
BYLAYER
 62
  256
 10
42.27007223040851
 20
1403.813011663767
 11
42.04990069558406
 21
1403.699978802031
  0
LINE
  5
5C7
  8
4
  6
BYLAYER
 62
  256
 10
42.47329197612365
 20
1403.954269115007
 11
42.27007223040851
 21
1403.813011663767
  0
LINE
  5
5C8
  8
4
  6
BYLAYER
 62
  256
 10
42.7635310673009
 20
1404.346349827574
 11
42.47329197612365
 21
1403.954269115007
  0
LINE
  5
5C9
  8
4
  6
BYLAYER
 62
  256
 10
42.83928954956851
 20
1404.581960915903
 11
42.7635310673009
 21
1404.346349827574
  0
LINE
  5
5CA
  8
4
  6
BYLAYER
 62
  256
 10
42.88310350816973
 20
1404.825543077834
 11
42.83928954956851
 21
1404.581960915903
  0
LINE
  5
5CB
  8
4
  6
BYLAYER
 62
  256
 10
42.81109060707846
 20
1405.308016038
 11
42.88310350816973
 21
1404.825543077834
  0
LINE
  5
5CC
  8
4
  6
BYLAYER
 62
  256
 10
42.69805774534167
 20
1405.528187572824
 11
42.81109060707846
 21
1405.308016038
  0
LINE
  5
5CD
  8
4
  6
BYLAYER
 62
  256
 10
42.55680029410172
 20
1405.731407318539
 11
42.69805774534167
 21
1405.528187572824
  0
LINE
  5
5CE
  8
4
  6
BYLAYER
 62
  256
 10
42.16471958153505
 20
1406.021646409716
 11
42.55680029410172
 21
1405.731407318539
  0
LINE
  5
5CF
  8
4
  6
BYLAYER
 62
  256
 10
41.92910849320538
 20
1406.097404891984
 11
42.16471958153505
 21
1406.021646409716
  0
LINE
  5
5D0
  8
4
  6
BYLAYER
 62
  256
 10
250.1117416332577
 20
1360.890461264918
 11
251.3471199513574
 21
1360.69982965377
  0
LINE
  5
5D1
  8
4
  6
BYLAYER
 62
  256
 10
250.4930048555535
 20
1363.361217901118
 11
251.7274543215471
 21
1363.170729621426
  0
LINE
  5
5D2
  8
4
  6
BYLAYER
 62
  256
 10
250.2464397106664
 20
1363.382608597839
 11
250.4930048555533
 21
1363.361217901118
  0
LINE
  5
5D3
  8
4
  6
BYLAYER
 62
  256
 10
249.7725571810666
 20
1363.266844340168
 11
250.2464397106664
 21
1363.382608597839
  0
LINE
  5
5D4
  8
4
  6
BYLAYER
 62
  256
 10
249.5636257632974
 20
1363.134180874028
 11
249.7725571810666
 21
1363.266844340168
  0
LINE
  5
5D5
  8
4
  6
BYLAYER
 62
  256
 10
249.3741523706376
 20
1362.974958494781
 11
249.5636257632974
 21
1363.134180874028
  0
LINE
  5
5D6
  8
4
  6
BYLAYER
 62
  256
 10
249.1209245120901
 20
1362.558015252996
 11
249.3741523706376
 21
1362.974958494781
  0
LINE
  5
5D7
  8
4
  6
BYLAYER
 62
  256
 10
249.0669949263058
 20
1362.316471194166
 11
249.1209245120901
 21
1362.558015252996
  0
LINE
  5
5D8
  8
4
  6
BYLAYER
 62
  256
 10
249.0456042295843
 20
1362.069906049279
 11
249.0669949263058
 21
1362.316471194166
  0
LINE
  5
5D9
  8
4
  6
BYLAYER
 62
  256
 10
249.1613684872553
 20
1361.596023519679
 11
249.0456042295843
 21
1362.069906049279
  0
LINE
  5
5DA
  8
4
  6
BYLAYER
 62
  256
 10
249.2940319533952
 20
1361.38709210191
 11
249.1613684872553
 21
1361.596023519679
  0
LINE
  5
5DB
  8
4
  6
BYLAYER
 62
  256
 10
249.453254332643
 20
1361.19761870925
 11
249.2940319533952
 21
1361.38709210191
  0
LINE
  5
5DC
  8
4
  6
BYLAYER
 62
  256
 10
249.8701975744269
 20
1360.944390850702
 11
249.453254332643
 21
1361.19761870925
  0
LINE
  5
5DD
  8
4
  6
BYLAYER
 62
  256
 10
250.1117416332577
 20
1360.890461264918
 11
249.8701975744269
 21
1360.944390850702
  0
LINE
  5
5DE
  8
4
  6
BYLAYER
 62
  256
 10
257.0298602146166
 20
1359.822924242489
 11
258.2652385327164
 21
1359.632292631341
  0
LINE
  5
5DF
  8
4
  6
BYLAYER
 62
  256
 10
257.4111234369124
 20
1362.293680878689
 11
258.6465017550123
 21
1362.103049267541
  0
LINE
  5
5E0
  8
4
  6
BYLAYER
 62
  256
 10
257.1645582920252
 20
1362.31507157541
 11
257.4111234369121
 21
1362.293680878689
  0
LINE
  5
5E1
  8
4
  6
BYLAYER
 62
  256
 10
256.6906757624256
 20
1362.199307317739
 11
257.1645582920252
 21
1362.31507157541
  0
LINE
  5
5E2
  8
4
  6
BYLAYER
 62
  256
 10
256.4817443446563
 20
1362.066643851599
 11
256.6906757624256
 21
1362.199307317739
  0
LINE
  5
5E3
  8
4
  6
BYLAYER
 62
  256
 10
256.2922709519964
 20
1361.907421472351
 11
256.4817443446563
 21
1362.066643851599
  0
LINE
  5
5E4
  8
4
  6
BYLAYER
 62
  256
 10
256.0390430934489
 20
1361.490478230568
 11
256.2922709519964
 21
1361.907421472351
  0
LINE
  5
5E5
  8
4
  6
BYLAYER
 62
  256
 10
255.9851135076647
 20
1361.248934171737
 11
256.0390430934489
 21
1361.490478230568
  0
LINE
  5
5E6
  8
4
  6
BYLAYER
 62
  256
 10
255.9637228109432
 20
1361.00236902685
 11
255.9851135076647
 21
1361.248934171737
  0
LINE
  5
5E7
  8
4
  6
BYLAYER
 62
  256
 10
256.0794870686141
 20
1360.52848649725
 11
255.9637228109432
 21
1361.00236902685
  0
LINE
  5
5E8
  8
4
  6
BYLAYER
 62
  256
 10
256.2121505347542
 20
1360.319555079481
 11
256.0794870686141
 21
1360.52848649725
  0
LINE
  5
5E9
  8
4
  6
BYLAYER
 62
  256
 10
256.3713729140018
 20
1360.130081686821
 11
256.2121505347542
 21
1360.319555079481
  0
LINE
  5
5EA
  8
4
  6
BYLAYER
 62
  256
 10
256.7883161557858
 20
1359.876853828273
 11
256.3713729140018
 21
1360.130081686821
  0
LINE
  5
5EB
  8
4
  6
BYLAYER
 62
  256
 10
257.0298602146166
 20
1359.822924242489
 11
256.7883161557858
 21
1359.876853828273
  0
LINE
  5
5EC
  8
7
  6
BYLAYER
 62
  256
 10
202.9827676867475
 20
1413.855921046948
 11
103.7590761256258
 21
1453.181302027091
  0
TEXT
  5
5ED
  8
1
  6
BYLAYER
 62
  256
 10
123.1858222682132
 20
1445.094712081097
 30
0
 40
2.5
  1
Piece Name: Pkt Bag
 50
0
 41
1
 51
0
  7
STANDARD
 71
    0
210
0
220
0
230
1
  0
TEXT
  5
5EE
  8
1
  6
BYLAYER
 62
  256
 10
123.1858222682132
 20
1442.594712081097
 30
0
 40
2.5
  1
File Name: GBlock-201-Sweatshirt-Parametric-Scalable-V2-Hood-SG-EXTRA
 50
0
 41
1
 51
0
  7
STANDARD
 71
    0
210
0
220
0
230
1
  0
TEXT
  5
5EF
  8
1
  6
BYLAYER
 62
  256
 10
123.1858222682132
 20
1440.094712081097
 30
0
 40
2.5
  1
Measurement Name: SG-EXTRA
 50
0
 41
1
 51
0
  7
STANDARD
 71
    0
210
0
220
0
230
1
  0
TEXT
  5
5F0
  8
1
  6
BYLAYER
 62
  256
 10
123.1858222682132
 20
1437.594712081097
 30
0
 40
2.5
  1
Date: 10-30-2025
 50
0
 41
1
 51
0
  7
STANDARD
 71
    0
210
0
220
0
230
1
  0
ENDBLK
  8
1
  0
BLOCK
  8
1
  2
FR_FACING
 70
    0
 10
0
 20
0
  3
FR_FACING
  1

  0
POLYLINE
  5
5F1
  8
1
  6
BYLAYER
 62
  256
 66
    1
 10
0
 20
0
 30
0
 70
    1
  0
VERTEX
  5
5F2
  8
1
  6
BYLAYER
 62
  256
 10
83.34480578037926
 20
831.6661085276453
 30
0
  0
VERTEX
  5
5F3
  8
1
  6
BYLAYER
 62
  256
 10
83.35873144156677
 20
813.6991298784734
 30
0
  0
VERTEX
  5
5F4
  8
1
  6
BYLAYER
 62
  256
 10
83.45948927402053
 20
792.2776246937052
 30
0
  0
VERTEX
  5
5F5
  8
1
  6
BYLAYER
 62
  256
 10
83.65840783988097
 20
771.4740552292951
 30
0
  0
VERTEX
  5
5F6
  8
1
  6
BYLAYER
 62
  256
 10
83.95292699849088
 20
751.2747078847196
 30
0
  0
VERTEX
  5
5F7
  8
1
  6
BYLAYER
 62
  256
 10
84.34047243637802
 20
731.6685827220746
 30
0
  0
VERTEX
  5
5F8
  8
1
  6
BYLAYER
 62
  256
 10
84.81846833116052
 20
712.6446806314605
 30
0
  0
VERTEX
  5
5F9
  8
1
  6
BYLAYER
 62
  256
 10
85.3843372543722
 20
694.192003194062
 30
0
  0
VERTEX
  5
5FA
  8
1
  6
BYLAYER
 62
  256
 10
86.03550007408515
 20
676.2995525121544
 30
0
  0
VERTEX
  5
5FB
  8
1
  6
BYLAYER
 62
  256
 10
86.76937585907645
 20
658.9563310009968
 30
0
  0
VERTEX
  5
5FC
  8
1
  6
BYLAYER
 62
  256
 10
87.58338178677297
 20
642.1513411368985
 30
0
  0
VERTEX
  5
5FD
  8
1
  6
BYLAYER
 62
  256
 10
88.47493305778875
 20
625.8735851551547
 30
0
  0
VERTEX
  5
5FE
  8
1
  6
BYLAYER
 62
  256
 10
89.44144282055785
 20
610.1120646908616
 30
0
  0
VERTEX
  5
5FF
  8
1
  6
BYLAYER
 62
  256
 10
90.48032211037275
 20
594.8557803550181
 30
0
  0
VERTEX
  5
600
  8
1
  6
BYLAYER
 62
  256
 10
91.5889798080792
 20
580.0937312376193
 30
0
  0
VERTEX
  5
601
  8
1
  6
BYLAYER
 62
  256
 10
92.76482262475703
 20
565.814914328931
 30
0
  0
VERTEX
  5
602
  8
1
  6
BYLAYER
 62
  256
 10
94.005255119951
 20
552.0083238495441
 30
0
  0
VERTEX
  5
603
  8
1
  6
BYLAYER
 62
  256
 10
95.30767976239368
 20
538.6629504794779
 30
0
  0
VERTEX
  5
604
  8
1
  6
BYLAYER
 62
  256
 10
96.66949704368679
 20
525.7677804764195
 30
0
  0
VERTEX
  5
605
  8
1
  6
BYLAYER
 62
  256
 10
98.08810565706008
 20
513.3117946732408
 30
0
  0
VERTEX
  5
606
  8
1
  6
BYLAYER
 62
  256
 10
99.56090275507319
 20
501.2839673453553
 30
0
  0
VERTEX
  5
607
  8
1
  6
BYLAYER
 62
  256
 10
101.0852843018995
 20
489.6732649394635
 30
0
  0
VERTEX
  5
608
  8
1
  6
BYLAYER
 62
  256
 10
102.6586455375889
 20
478.4686446565663
 30
0
  0
VERTEX
  5
609
  8
1
  6
BYLAYER
 62
  256
 10
104.2783815732773
 20
467.6590528844476
 30
0
  0
VERTEX
  5
60A
  8
1
  6
BYLAYER
 62
  256
 10
105.9418881376094
 20
457.2334234777421
 30
0
  0
VERTEX
  5
60B
  8
1
  6
BYLAYER
 62
  256
 10
107.646562495403
 20
447.1806758877901
 30
0
  0
VERTEX
  5
60C
  8
1
  6
BYLAYER
 62
  256
 10
109.3887269423252
 20
437.4957037972129
 30
0
  0
VERTEX
  5
60D
  8
1
  6
BYLAYER
 62
  256
 10
112.0660649123395
 20
423.5723172329309
 30
0
  0
VERTEX
  5
60E
  8
1
  6
BYLAYER
 62
  256
 10
115.7541410214128
 20
406.2214685744399
 30
0
  0
VERTEX
  5
60F
  8
1
  6
BYLAYER
 62
  256
 10
119.548739060601
 20
390.1228448950757
 30
0
  0
VERTEX
  5
610
  8
1
  6
BYLAYER
 62
  256
 10
123.4307519983108
 20
375.1805331964141
 30
0
  0
VERTEX
  5
611
  8
1
  6
BYLAYER
 62
  256
 10
127.380102614089
 20
361.3040454333986
 30
0
  0
VERTEX
  5
612
  8
1
  6
BYLAYER
 62
  256
 10
131.3771022029256
 20
348.4023168077495
 30
0
  0
VERTEX
  5
613
  8
1
  6
BYLAYER
 62
  256
 10
135.4025377538862
 20
336.3836885740386
 30
0
  0
VERTEX
  5
614
  8
1
  6
BYLAYER
 62
  256
 10
139.4377342152816
 20
325.1559328914645
 30
0
  0
VERTEX
  5
615
  8
1
  6
BYLAYER
 62
  256
 10
143.4645673100536
 20
314.6263287653393
 30
0
  0
VERTEX
  5
616
  8
1
  6
BYLAYER
 62
  256
 10
147.4654002565782
 20
304.7017932419279
 30
0
  0
VERTEX
  5
617
  8
1
  6
BYLAYER
 62
  256
 10
151.4209622956634
 20
295.2937267895862
 30
0
  0
VERTEX
  5
618
  8
1
  6
BYLAYER
 62
  256
 10
157.2567211996089
 20
281.8780150287124
 30
0
  0
VERTEX
  5
619
  8
1
  6
BYLAYER
 62
  256
 10
161.6174715597939
 20
271.9964929850044
 30
0
  0
VERTEX
  5
61A
  8
1
  6
BYLAYER
 62
  256
 10
147.3335106392892
 20
261.2858701490226
 30
0
  0
VERTEX
  5
61B
  8
1
  6
BYLAYER
 62
  256
 10
133.5688160216664
 20
250.9994326664794
 30
0
  0
VERTEX
  5
61C
  8
1
  6
BYLAYER
 62
  256
 10
124.2796192303765
 20
244.1707213970595
 30
0
  0
VERTEX
  5
61D
  8
1
  6
BYLAYER
 62
  256
 10
114.8920902486793
 20
237.4256050748519
 30
0
  0
VERTEX
  5
61E
  8
1
  6
BYLAYER
 62
  256
 10
100.6104733323333
 20
227.4803251448252
 30
0
  0
VERTEX
  5
61F
  8
1
  6
BYLAYER
 62
  256
 10
96.27545014558697
 20
236.5645935312992
 30
0
  0
VERTEX
  5
620
  8
1
  6
BYLAYER
 62
  256
 10
93.92359565711745
 20
241.1336417683527
 30
0
  0
VERTEX
  5
621
  8
1
  6
BYLAYER
 62
  256
 10
91.50345358543605
 20
245.4909221708695
 30
0
  0
VERTEX
  5
622
  8
1
  6
BYLAYER
 62
  256
 10
89.01643574255479
 20
249.6381713472909
 30
0
  0
VERTEX
  5
623
  8
1
  6
BYLAYER
 62
  256
 10
86.46394602695216
 20
253.5772920746751
 30
0
  0
VERTEX
  5
624
  8
1
  6
BYLAYER
 62
  256
 10
83.84735116010422
 20
257.3103718491115
 30
0
  0
VERTEX
  5
625
  8
1
  6
BYLAYER
 62
  256
 10
81.16794475975192
 20
260.8396976679197
 30
0
  0
VERTEX
  5
626
  8
1
  6
BYLAYER
 62
  256
 10
78.42690509965148
 20
264.1677647229793
 30
0
  0
VERTEX
  5
627
  8
1
  6
BYLAYER
 62
  256
 10
75.62524769249909
 20
267.2972764297615
 30
0
  0
VERTEX
  5
628
  8
1
  6
BYLAYER
 62
  256
 10
72.76377480386896
 20
270.2311332126689
 30
0
  0
VERTEX
  5
629
  8
1
  6
BYLAYER
 62
  256
 10
69.84302507161067
 20
272.9724078333147
 30
0
  0
VERTEX
  5
62A
  8
1
  6
BYLAYER
 62
  256
 10
66.86322741017963
 20
275.5243058790812
 30
0
  0
VERTEX
  5
62B
  8
1
  6
BYLAYER
 62
  256
 10
63.8242641050809
 20
277.8901113541011
 30
0
  0
VERTEX
  5
62C
  8
1
  6
BYLAYER
 62
  256
 10
60.72564820307008
 20
280.0731190566013
 30
0
  0
VERTEX
  5
62D
  8
1
  6
BYLAYER
 62
  256
 10
57.56651976474499
 20
282.0765573765687
 30
0
  0
VERTEX
  5
62E
  8
1
  6
BYLAYER
 62
  256
 10
54.34566416189295
 20
283.9035069749812
 30
0
  0
VERTEX
  5
62F
  8
1
  6
BYLAYER
 62
  256
 10
51.06155344446483
 20
285.556822114822
 30
0
  0
VERTEX
  5
630
  8
1
  6
BYLAYER
 62
  256
 10
47.71240915151409
 20
287.0390618443555
 30
0
  0
VERTEX
  5
631
  8
1
  6
BYLAYER
 62
  256
 10
44.2962822504549
 20
288.3524375748412
 30
0
  0
VERTEX
  5
632
  8
1
  6
BYLAYER
 62
  256
 10
40.81114368358487
 20
289.4987818761043
 30
0
  0
VERTEX
  5
633
  8
1
  6
BYLAYER
 62
  256
 10
37.25497773094152
 20
290.4795408188392
 30
0
  0
VERTEX
  5
634
  8
1
  6
BYLAYER
 62
  256
 10
33.62587031008332
 20
291.2957893966361
 30
0
  0
VERTEX
  5
635
  8
1
  6
BYLAYER
 62
  256
 10
29.92208539763718
 20
291.9482669964812
 30
0
  0
VERTEX
  5
636
  8
1
  6
BYLAYER
 62
  256
 10
26.14212469149969
 20
292.4374279984411
 30
0
  0
VERTEX
  5
637
  8
1
  6
BYLAYER
 62
  256
 10
22.2847679969708
 20
292.7635016217064
 30
0
  0
VERTEX
  5
638
  8
1
  6
BYLAYER
 62
  256
 10
18.32534622868135
 20
292.9275389798712
 30
0
  0
VERTEX
  5
639
  8
1
  6
BYLAYER
 62
  256
 10
6.350229165883658
 20
293.0088330945291
 30
0
  0
VERTEX
  5
63A
  8
1
  6
BYLAYER
 62
  256
 10
6.350229165883658
 20
831.6661085276453
 30
0
  0
VERTEX
  5
63B
  8
1
  6
BYLAYER
 62
  256
 10
83.34480578037926
 20
831.6661085276453
 30
0
  0
SEQEND
  5
63C
  8
1
  6
BYLAYER
 62
  256
  0
POLYLINE
  5
63D
  8
8
  6
BYLAYER
 62
  256
 66
    1
 10
0
 20
0
 30
0
 70
    1
  0
VERTEX
  5
63E
  8
8
  6
BYLAYER
 62
  256
 10
76.35022916588368
 20
824.6661085276454
 30
0
  0
VERTEX
  5
63F
  8
8
  6
BYLAYER
 62
  256
 10
76.35874420109997
 20
813.679954702085
 30
0
  0
VERTEX
  5
640
  8
8
  6
BYLAYER
 62
  256
 10
76.45964667851473
 20
792.2276974387299
 30
0
  0
VERTEX
  5
641
  8
8
  6
BYLAYER
 62
  256
 10
76.65889574298167
 20
771.3895633237615
 30
0
  0
VERTEX
  5
642
  8
8
  6
BYLAYER
 62
  256
 10
76.95393550413834
 20
751.1545108939214
 30
0
  0
VERTEX
  5
643
  8
8
  6
BYLAYER
 62
  256
 10
77.34221007162219
 20
731.5114986859512
 30
0
  0
VERTEX
  5
644
  8
8
  6
BYLAYER
 62
  256
 10
77.82116355507068
 20
712.4494852365922
 30
0
  0
VERTEX
  5
645
  8
8
  6
BYLAYER
 62
  256
 10
78.38824006412132
 20
693.9574290825864
 30
0
  0
VERTEX
  5
646
  8
8
  6
BYLAYER
 62
  256
 10
79.04088370841156
 20
676.0242887606748
 30
0
  0
VERTEX
  5
647
  8
8
  6
BYLAYER
 62
  256
 10
79.77653859757891
 20
658.6390228075996
 30
0
  0
VERTEX
  5
648
  8
8
  6
BYLAYER
 62
  256
 10
80.59264884126081
 20
641.7905897601022
 30
0
  0
VERTEX
  5
649
  8
8
  6
BYLAYER
 62
  256
 10
81.48665854909477
 20
625.4679481549241
 30
0
  0
VERTEX
  5
64A
  8
8
  6
BYLAYER
 62
  256
 10
82.45601183071827
 20
609.660056528807
 30
0
  0
VERTEX
  5
64B
  8
8
  6
BYLAYER
 62
  256
 10
83.49815279576877
 20
594.3558734184923
 30
0
  0
VERTEX
  5
64C
  8
8
  6
BYLAYER
 62
  256
 10
84.61052555388376
 20
579.5443573607218
 30
0
  0
VERTEX
  5
64D
  8
8
  6
BYLAYER
 62
  256
 10
85.79057421470071
 20
565.2144668922369
 30
0
  0
VERTEX
  5
64E
  8
8
  6
BYLAYER
 62
  256
 10
87.03574288785711
 20
551.3551605497795
 30
0
  0
VERTEX
  5
64F
  8
8
  6
BYLAYER
 62
  256
 10
88.34347568299044
 20
537.955396870091
 30
0
  0
VERTEX
  5
650
  8
8
  6
BYLAYER
 62
  256
 10
89.71121670973818
 20
525.0041343899129
 30
0
  0
VERTEX
  5
651
  8
8
  6
BYLAYER
 62
  256
 10
91.13641007773779
 20
512.4903316459869
 30
0
  0
VERTEX
  5
652
  8
8
  6
BYLAYER
 62
  256
 10
92.61649989662676
 20
500.4029471750542
 30
0
  0
VERTEX
  5
653
  8
8
  6
BYLAYER
 62
  256
 10
94.14893027604259
 20
488.7309395138571
 30
0
  0
VERTEX
  5
654
  8
8
  6
BYLAYER
 62
  256
 10
95.73114532562272
 20
477.463267199137
 30
0
  0
VERTEX
  5
655
  8
8
  6
BYLAYER
 62
  256
 10
97.36058915500466
 20
466.588888767635
 30
0
  0
VERTEX
  5
656
  8
8
  6
BYLAYER
 62
  256
 10
99.03470587382587
 20
456.0967627560931
 30
0
  0
VERTEX
  5
657
  8
8
  6
BYLAYER
 62
  256
 10
100.7509395917238
 20
445.975847701253
 30
0
  0
VERTEX
  5
658
  8
8
  6
BYLAYER
 62
  256
 10
102.506734418336
 20
436.2151021398558
 30
0
  0
VERTEX
  5
659
  8
8
  6
BYLAYER
 62
  256
 10
105.2048663040745
 20
422.1835776676763
 30
0
  0
VERTEX
  5
65A
  8
8
  6
BYLAYER
 62
  256
 10
108.9231519252341
 20
404.6906059464407
 30
0
  0
VERTEX
  5
65B
  8
8
  6
BYLAYER
 62
  256
 10
112.7536759547252
 20
388.4395658603263
 30
0
  0
VERTEX
  5
65C
  8
8
  6
BYLAYER
 62
  256
 10
116.6759912696477
 20
373.3421257032662
 30
0
  0
VERTEX
  5
65D
  8
8
  6
BYLAYER
 62
  256
 10
120.6696507471015
 20
359.3099537691928
 30
0
  0
VERTEX
  5
65E
  8
8
  6
BYLAYER
 62
  256
 10
124.7142072641863
 20
346.2547183520392
 30
0
  0
VERTEX
  5
65F
  8
8
  6
BYLAYER
 62
  256
 10
128.789213698002
 20
334.0880877457376
 30
0
  0
VERTEX
  5
660
  8
8
  6
BYLAYER
 62
  256
 10
132.8742229256484
 20
322.7217302442214
 30
0
  0
VERTEX
  5
661
  8
8
  6
BYLAYER
 62
  256
 10
136.9487878242253
 20
312.0673141414229
 30
0
  0
VERTEX
  5
662
  8
8
  6
BYLAYER
 62
  256
 10
140.9924612708326
 20
302.0365077312749
 30
0
  0
VERTEX
  5
663
  8
8
  6
BYLAYER
 62
  256
 10
144.9847961425702
 20
292.54097930771
 30
0
  0
VERTEX
  5
664
  8
8
  6
BYLAYER
 62
  256
 10
150.8451175887165
 20
279.0688012000071
 30
0
  0
VERTEX
  5
665
  8
8
  6
BYLAYER
 62
  256
 10
152.9674027829082
 20
274.259672908483
 30
0
  0
VERTEX
  5
666
  8
8
  6
BYLAYER
 62
  256
 10
143.1386396718116
 20
266.8897161287746
 30
0
  0
VERTEX
  5
667
  8
8
  6
BYLAYER
 62
  256
 10
129.4005336713337
 20
256.6231484766641
 30
0
  0
VERTEX
  5
668
  8
8
  6
BYLAYER
 62
  256
 10
120.1641497408493
 20
249.8332612074084
 30
0
  0
VERTEX
  5
669
  8
8
  6
BYLAYER
 62
  256
 10
110.8494635843996
 20
243.1404838266297
 30
0
  0
VERTEX
  5
66A
  8
8
  6
BYLAYER
 62
  256
 10
103.3768264718034
 20
237.9367685655646
 30
0
  0
VERTEX
  5
66B
  8
8
  6
BYLAYER
 62
  256
 10
102.5475814679211
 20
239.6744949510752
 30
0
  0
VERTEX
  5
66C
  8
8
  6
BYLAYER
 62
  256
 10
100.096796810539
 20
244.4357390557207
 30
0
  0
VERTEX
  5
66D
  8
8
  6
BYLAYER
 62
  256
 10
97.5664931462677
 20
248.99135696665
 30
0
  0
VERTEX
  5
66E
  8
8
  6
BYLAYER
 62
  256
 10
94.95713646323885
 20
253.3426133863242
 30
0
  0
VERTEX
  5
66F
  8
8
  6
BYLAYER
 62
  256
 10
92.26919274958418
 20
257.4907730172041
 30
0
  0
VERTEX
  5
670
  8
8
  6
BYLAYER
 62
  256
 10
89.5031279934353
 20
261.4371005617505
 30
0
  0
VERTEX
  5
671
  8
8
  6
BYLAYER
 62
  256
 10
86.6594081829239
 20
265.1828607224244
 30
0
  0
VERTEX
  5
672
  8
8
  6
BYLAYER
 62
  256
 10
83.73849930618172
 20
268.7293182016866
 30
0
  0
VERTEX
  5
673
  8
8
  6
BYLAYER
 62
  256
 10
80.74086735134037
 20
272.0777377019977
 30
0
  0
VERTEX
  5
674
  8
8
  6
BYLAYER
 62
  256
 10
77.66697830653153
 20
275.2293839258187
 30
0
  0
VERTEX
  5
675
  8
8
  6
BYLAYER
 62
  256
 10
74.51729815988695
 20
278.1855215756107
 30
0
  0
VERTEX
  5
676
  8
8
  6
BYLAYER
 62
  256
 10
71.29229289953824
 20
280.9474153538339
 30
0
  0
VERTEX
  5
677
  8
8
  6
BYLAYER
 62
  256
 10
67.99242851361711
 20
283.51632996295
 30
0
  0
VERTEX
  5
678
  8
8
  6
BYLAYER
 62
  256
 10
64.61817099025524
 20
285.8935301054191
 30
0
  0
VERTEX
  5
679
  8
8
  6
BYLAYER
 62
  256
 10
61.16998631758429
 20
288.0802804837027
 30
0
  0
VERTEX
  5
67A
  8
8
  6
BYLAYER
 62
  256
 10
57.64834048373596
 20
290.0778458002609
 30
0
  0
VERTEX
  5
67B
  8
8
  6
BYLAYER
 62
  256
 10
54.05369947684194
 20
291.8874907575554
 30
0
  0
VERTEX
  5
67C
  8
8
  6
BYLAYER
 62
  256
 10
50.38652928503389
 20
293.5104800580466
 30
0
  0
VERTEX
  5
67D
  8
8
  6
BYLAYER
 62
  256
 10
46.64729589644349
 20
294.9480784041953
 30
0
  0
VERTEX
  5
67E
  8
8
  6
BYLAYER
 62
  256
 10
42.83646529920241
 20
296.2015504984623
 30
0
  0
VERTEX
  5
67F
  8
8
  6
BYLAYER
 62
  256
 10
38.95450348144236
 20
297.2721610433089
 30
0
  0
VERTEX
  5
680
  8
8
  6
BYLAYER
 62
  256
 10
35.001876431295
 20
298.1611747411953
 30
0
  0
VERTEX
  5
681
  8
8
  6
BYLAYER
 62
  256
 10
30.97905013689201
 20
298.8698562945829
 30
0
  0
VERTEX
  5
682
  8
8
  6
BYLAYER
 62
  256
 10
26.88649058636507
 20
299.399470405932
 30
0
  0
VERTEX
  5
683
  8
8
  6
BYLAYER
 62
  256
 10
22.72466376784587
 20
299.7512817777043
 30
0
  0
VERTEX
  5
684
  8
8
  6
BYLAYER
 62
  256
 10
18.49403566946608
 20
299.9265551123597
 30
0
  0
VERTEX
  5
685
  8
8
  6
BYLAYER
 62
  256
 10
16.35022916588366
 20
299.9411085276453
 30
0
  0
VERTEX
  5
686
  8
8
  6
BYLAYER
 62
  256
 10
16.35022916588366
 20
824.6661085276454
 30
0
  0
SEQEND
  5
687
  8
8
  6
BYLAYER
 62
  256
  0
LINE
  5
688
  8
7
  6
BYLAYER
 62
  256
 10
48.74152624921699
 20
727.7948085276453
 11
48.74152624921697
 21
434.0063085276451
  0
TEXT
  5
689
  8
1
  6
BYLAYER
 62
  256
 10
116.217937499217
 20
528.8007460276451
 30
0
 40
2.5
  1
Piece Name: Fr Facing
 50
0
 41
1
 51
0
  7
STANDARD
 71
    0
210
0
220
0
230
1
  0
TEXT
  5
68A
  8
1
  6
BYLAYER
 62
  256
 10
116.217937499217
 20
526.3007460276452
 30
0
 40
2.5
  1
File Name: GBlock-201-Sweatshirt-Parametric-Scalable-V2-Hood-SG-EXTRA
 50
0
 41
1
 51
0
  7
STANDARD
 71
    0
210
0
220
0
230
1
  0
TEXT
  5
68B
  8
1
  6
BYLAYER
 62
  256
 10
116.217937499217
 20
523.8007460276451
 30
0
 40
2.5
  1
Measurement Name: SG-EXTRA
 50
0
 41
1
 51
0
  7
STANDARD
 71
    0
210
0
220
0
230
1
  0
TEXT
  5
68C
  8
1
  6
BYLAYER
 62
  256
 10
116.217937499217
 20
521.3007460276452
 30
0
 40
2.5
  1
Date: 10-30-2025
 50
0
 41
1
 51
0
  7
STANDARD
 71
    0
210
0
220
0
230
1
  0
ENDBLK
  8
1
  0
BLOCK
  8
1
  2
RAGLAN_UPPER_FINAL_2
 70
    0
 10
0
 20
0
  3
RAGLAN_UPPER_FINAL_2
  1

  0
POLYLINE
  5
68D
  8
1
  6
BYLAYER
 62
  256
 66
    1
 10
0
 20
0
 30
0
 70
    1
  0
VERTEX
  5
68E
  8
1
  6
BYLAYER
 62
  256
 10
265.5437254401406
 20
524.0014703029794
 30
0
  0
VERTEX
  5
68F
  8
1
  6
BYLAYER
 62
  256
 10
262.1303025617931
 20
520.9443758165787
 30
0
  0
VERTEX
  5
690
  8
1
  6
BYLAYER
 62
  256
 10
253.7540456023675
 20
513.0185437647367
 30
0
  0
VERTEX
  5
691
  8
1
  6
BYLAYER
 62
  256
 10
244.0276483188629
 20
503.3210619226597
 30
0
  0
VERTEX
  5
692
  8
1
  6
BYLAYER
 62
  256
 10
236.1307537998277
 20
495.0854901937947
 30
0
  0
VERTEX
  5
693
  8
1
  6
BYLAYER
 62
  256
 10
230.7243492359144
 20
489.2774651067908
 30
0
  0
VERTEX
  5
694
  8
1
  6
BYLAYER
 62
  256
 10
225.2528094707822
 20
483.2390222903768
 30
0
  0
VERTEX
  5
695
  8
1
  6
BYLAYER
 62
  256
 10
219.7824599000228
 20
477.0241066030803
 30
0
  0
VERTEX
  5
696
  8
1
  6
BYLAYER
 62
  256
 10
214.3746857114404
 20
470.6816039064429
 30
0
  0
VERTEX
  5
697
  8
1
  6
BYLAYER
 62
  256
 10
209.090995340096
 20
464.2608775254811
 30
0
  0
VERTEX
  5
698
  8
1
  6
BYLAYER
 62
  256
 10
203.9930883378234
 20
457.8120004586546
 30
0
  0
VERTEX
  5
699
  8
1
  6
BYLAYER
 62
  256
 10
199.1429182522848
 20
451.3860826435884
 30
0
  0
VERTEX
  5
69A
  8
1
  6
BYLAYER
 62
  256
 10
194.6027425507019
 20
445.0357536228154
 30
0
  0
VERTEX
  5
69B
  8
1
  6
BYLAYER
 62
  256
 10
190.4223542884606
 20
438.796827298824
 30
0
  0
VERTEX
  5
69C
  8
1
  6
BYLAYER
 62
  256
 10
188.5125180910493
 20
435.7554017917253
 30
0
  0
VERTEX
  5
69D
  8
1
  6
BYLAYER
 62
  256
 10
183.8312569145186
 20
428.1907824232637
 30
0
  0
VERTEX
  5
69E
  8
1
  6
BYLAYER
 62
  256
 10
176.4096326637832
 20
415.7230970583146
 30
0
  0
VERTEX
  5
69F
  8
1
  6
BYLAYER
 62
  256
 10
171.5509624063924
 20
407.0250972612008
 30
0
  0
VERTEX
  5
6A0
  8
1
  6
BYLAYER
 62
  256
 10
168.0644977804438
 20
400.3142197401216
 30
0
  0
VERTEX
  5
6A1
  8
1
  6
BYLAYER
 62
  256
 10
165.8528322747532
 20
395.7991140238052
 30
0
  0
VERTEX
  5
6A2
  8
1
  6
BYLAYER
 62
  256
 10
163.748295723699
 20
391.2382686288654
 30
0
  0
VERTEX
  5
6A3
  8
1
  6
BYLAYER
 62
  256
 10
161.7761016615851
 20
386.6537215224983
 30
0
  0
VERTEX
  5
6A4
  8
1
  6
BYLAYER
 62
  256
 10
159.9509067747126
 20
382.0442263171641
 30
0
  0
VERTEX
  5
6A5
  8
1
  6
BYLAYER
 62
  256
 10
146.7578257854588
 20
386.5191874941909
 30
0
  0
VERTEX
  5
6A6
  8
1
  6
BYLAYER
 62
  256
 10
148.5696899152591
 20
391.4502727012911
 30
0
  0
VERTEX
  5
6A7
  8
1
  6
BYLAYER
 62
  256
 10
150.2538001130827
 20
396.4438934593938
 30
0
  0
VERTEX
  5
6A8
  8
1
  6
BYLAYER
 62
  256
 10
151.8155340691132
 20
401.5100001244979
 30
0
  0
VERTEX
  5
6A9
  8
1
  6
BYLAYER
 62
  256
 10
153.2547020577173
 20
406.6432855863765
 30
0
  0
VERTEX
  5
6AA
  8
1
  6
BYLAYER
 62
  256
 10
154.5711432085317
 20
411.8384194305307
 30
0
  0
VERTEX
  5
6AB
  8
1
  6
BYLAYER
 62
  256
 10
155.7647253991841
 20
417.0900517596585
 30
0
  0
VERTEX
  5
6AC
  8
1
  6
BYLAYER
 62
  256
 10
156.83534487447
 20
422.3928165122946
 30
0
  0
VERTEX
  5
6AD
  8
1
  6
BYLAYER
 62
  256
 10
157.7829256825694
 20
427.7413343217208
 30
0
  0
VERTEX
  5
6AE
  8
1
  6
BYLAYER
 62
  256
 10
158.6074190023893
 20
433.1302149618787
 30
0
  0
VERTEX
  5
6AF
  8
1
  6
BYLAYER
 62
  256
 10
159.308802421864
 20
438.5540594283065
 30
0
  0
VERTEX
  5
6B0
  8
1
  6
BYLAYER
 62
  256
 10
159.8870792149041
 20
444.0074617015992
 30
0
  0
VERTEX
  5
6B1
  8
1
  6
BYLAYER
 62
  256
 10
160.342277654547
 20
449.4850102394143
 30
0
  0
VERTEX
  5
6B2
  8
1
  6
BYLAYER
 62
  256
 10
160.6744503914811
 20
454.9812892410573
 30
0
  0
VERTEX
  5
6B3
  8
1
  6
BYLAYER
 62
  256
 10
160.8836739202355
 20
460.4908797262797
 30
0
  0
VERTEX
  5
6B4
  8
1
  6
BYLAYER
 62
  256
 10
160.9700481497324
 20
466.0083604679035
 30
0
  0
VERTEX
  5
6B5
  8
1
  6
BYLAYER
 62
  256
 10
160.9336960902899
 20
471.5283088157688
 30
0
  0
VERTEX
  5
6B6
  8
1
  6
BYLAYER
 62
  256
 10
160.7747636653528
 20
477.0453014480692
 30
0
  0
VERTEX
  5
6B7
  8
1
  6
BYLAYER
 62
  256
 10
160.4934196529535
 20
482.5539150850127
 30
0
  0
VERTEX
  5
6B8
  8
1
  6
BYLAYER
 62
  256
 10
160.0898557589649
 20
488.0487271992051
 30
0
  0
VERTEX
  5
6B9
  8
1
  6
BYLAYER
 62
  256
 10
159.5642868213886
 20
493.5243167572025
 30
0
  0
VERTEX
  5
6BA
  8
1
  6
BYLAYER
 62
  256
 10
158.9169511420122
 20
498.975265027276
 30
0
  0
VERTEX
  5
6BB
  8
1
  6
BYLAYER
 62
  256
 10
158.1481109385594
 20
504.3961564895768
 30
0
  0
VERTEX
  5
6BC
  8
1
  6
BYLAYER
 62
  256
 10
157.2580529067158
 20
509.7815798866293
 30
0
  0
VERTEX
  5
6BD
  8
1
  6
BYLAYER
 62
  256
 10
156.2470888769232
 20
515.1261294541408
 30
0
  0
VERTEX
  5
6BE
  8
1
  6
BYLAYER
 62
  256
 10
155.1155565453231
 20
520.4244063746445
 30
0
  0
VERTEX
  5
6BF
  8
1
  6
BYLAYER
 62
  256
 10
153.8638202514501
 20
525.6710204990763
 30
0
  0
VERTEX
  5
6C0
  8
1
  6
BYLAYER
 62
  256
 10
152.4922717669372
 20
530.8605923839515
 30
0
  0
VERTEX
  5
6C1
  8
1
  6
BYLAYER
 62
  256
 10
151.0013310493143
 20
535.9877556939315
 30
0
  0
VERTEX
  5
6C2
  8
1
  6
BYLAYER
 62
  256
 10
149.3914469026996
 20
541.0471600208105
 30
0
  0
VERTEX
  5
6C3
  8
1
  6
BYLAYER
 62
  256
 10
147.6630974725533
 20
546.0334741697325
 30
0
  0
VERTEX
  5
6C4
  8
1
  6
BYLAYER
 62
  256
 10
145.8112334783077
 20
550.9561617832237
 30
0
  0
VERTEX
  5
6C5
  8
1
  6
BYLAYER
 62
  256
 10
144.8341835909089
 20
553.3877926711883
 30
0
  0
VERTEX
  5
6C6
  8
1
  6
BYLAYER
 62
  256
 10
140.6420294028098
 20
563.7929250512088
 30
0
  0
VERTEX
  5
6C7
  8
1
  6
BYLAYER
 62
  256
 10
132.3665943082147
 20
584.9251920470859
 30
0
  0
VERTEX
  5
6C8
  8
1
  6
BYLAYER
 62
  256
 10
126.0991320644355
 20
600.8537651854751
 30
0
  0
VERTEX
  5
6C9
  8
1
  6
BYLAYER
 62
  256
 10
121.8424995547857
 20
611.4271238066933
 30
0
  0
VERTEX
  5
6CA
  8
1
  6
BYLAYER
 62
  256
 10
117.4781019680694
 20
621.9370773998534
 30
0
  0
VERTEX
  5
6CB
  8
1
  6
BYLAYER
 62
  256
 10
111.5228180802363
 20
635.7008352838019
 30
0
  0
VERTEX
  5
6CC
  8
1
  6
BYLAYER
 62
  256
 10
119.4477442072948
 20
640.7961183024704
 30
0
  0
VERTEX
  5
6CD
  8
1
  6
BYLAYER
 62
  256
 10
123.9576272933207
 20
643.8819455181037
 30
0
  0
VERTEX
  5
6CE
  8
1
  6
BYLAYER
 62
  256
 10
128.5197322479667
 20
647.1896881425743
 30
0
  0
VERTEX
  5
6CF
  8
1
  6
BYLAYER
 62
  256
 10
133.1336499417449
 20
650.7210979651303
 30
0
  0
VERTEX
  5
6D0
  8
1
  6
BYLAYER
 62
  256
 10
137.7989820525757
 20
654.4778381528706
 30
0
  0
VERTEX
  5
6D1
  8
1
  6
BYLAYER
 62
  256
 10
142.5250844682669
 20
658.469716810419
 30
0
  0
VERTEX
  5
6D2
  8
1
  6
BYLAYER
 62
  256
 10
144.8791625505725
 20
660.5345330676956
 30
0
  0
VERTEX
  5
6D3
  8
1
  6
BYLAYER
 62
  256
 10
145.4958982448795
 20
661.089688993108
 30
0
  0
VERTEX
  5
6D4
  8
1
  6
BYLAYER
 62
  256
 10
146.7536109090844
 20
662.3311011328411
 30
0
  0
VERTEX
  5
6D5
  8
1
  6
BYLAYER
 62
  256
 10
147.9635887365635
 20
663.6628713090948
 30
0
  0
VERTEX
  5
6D6
  8
1
  6
BYLAYER
 62
  256
 10
149.1429754625402
 20
665.1097355450347
 30
0
  0
VERTEX
  5
6D7
  8
1
  6
BYLAYER
 62
  256
 10
150.2858865686535
 20
666.6737604673962
 30
0
  0
VERTEX
  5
6D8
  8
1
  6
BYLAYER
 62
  256
 10
151.3863866865044
 20
668.3570433488995
 30
0
  0
VERTEX
  5
6D9
  8
1
  6
BYLAYER
 62
  256
 10
152.4384687300561
 20
670.1617025352273
 30
0
  0
VERTEX
  5
6DA
  8
1
  6
BYLAYER
 62
  256
 10
153.4360372127834
 20
672.0898627967844
 30
0
  0
VERTEX
  5
6DB
  8
1
  6
BYLAYER
 62
  256
 10
154.3728965452511
 20
674.1436371099021
 30
0
  0
VERTEX
  5
6DC
  8
1
  6
BYLAYER
 62
  256
 10
155.2427447192241
 20
676.3251064371279
 30
0
  0
VERTEX
  5
6DD
  8
1
  6
BYLAYER
 62
  256
 10
156.0391723948301
 20
678.6362990407523
 30
0
  0
VERTEX
  5
6DE
  8
1
  6
BYLAYER
 62
  256
 10
156.7556670480554
 20
681.0791707285284
 30
0
  0
VERTEX
  5
6DF
  8
1
  6
BYLAYER
 62
  256
 10
157.385621535764
 20
683.6555872094883
 30
0
  0
VERTEX
  5
6E0
  8
1
  6
BYLAYER
 62
  256
 10
157.9223462163922
 20
686.3673094552323
 30
0
  0
VERTEX
  5
6E1
  8
1
  6
BYLAYER
 62
  256
 10
159.8811429576575
 20
699.1438005275891
 30
0
  0
VERTEX
  5
6E2
  8
1
  6
BYLAYER
 62
  256
 10
176.8106116702853
 20
688.751613918508
 30
0
  0
VERTEX
  5
6E3
  8
1
  6
BYLAYER
 62
  256
 10
186.5863549648177
 20
683.0000414891047
 30
0
  0
VERTEX
  5
6E4
  8
1
  6
BYLAYER
 62
  256
 10
196.4788858658414
 20
677.374659440071
 30
0
  0
VERTEX
  5
6E5
  8
1
  6
BYLAYER
 62
  256
 10
206.4476094791223
 20
671.8484145688118
 30
0
  0
VERTEX
  5
6E6
  8
1
  6
BYLAYER
 62
  256
 10
221.483175848597
 20
663.6672001631528
 30
0
  0
VERTEX
  5
6E7
  8
1
  6
BYLAYER
 62
  256
 10
241.4355692986868
 20
652.8525096912659
 30
0
  0
VERTEX
  5
6E8
  8
1
  6
BYLAYER
 62
  256
 10
251.2452868908567
 20
647.4109678744011
 30
0
  0
VERTEX
  5
6E9
  8
1
  6
BYLAYER
 62
  256
 10
253.5380968407962
 20
646.1419218582309
 30
0
  0
VERTEX
  5
6EA
  8
1
  6
BYLAYER
 62
  256
 10
258.1952796668226
 20
643.6979697886973
 30
0
  0
VERTEX
  5
6EB
  8
1
  6
BYLAYER
 62
  256
 10
262.9308144261488
 20
641.3687572420129
 30
0
  0
VERTEX
  5
6EC
  8
1
  6
BYLAYER
 62
  256
 10
267.7534709650012
 20
639.1481080088754
 30
0
  0
VERTEX
  5
6ED
  8
1
  6
BYLAYER
 62
  256
 10
272.6580175419867
 20
637.0371530816325
 30
0
  0
VERTEX
  5
6EE
  8
1
  6
BYLAYER
 62
  256
 10
277.6391997354851
 20
635.0369967005404
 30
0
  0
VERTEX
  5
6EF
  8
1
  6
BYLAYER
 62
  256
 10
282.6917437657794
 20
633.1487164400851
 30
0
  0
VERTEX
  5
6F0
  8
1
  6
BYLAYER
 62
  256
 10
287.8103593739424
 20
631.3733635175157
 30
0
  0
VERTEX
  5
6F1
  8
1
  6
BYLAYER
 62
  256
 10
292.9897422989428
 20
629.7119632450527
 30
0
  0
VERTEX
  5
6F2
  8
1
  6
BYLAYER
 62
  256
 10
298.2245763964387
 20
628.1655155617304
 30
0
  0
VERTEX
  5
6F3
  8
1
  6
BYLAYER
 62
  256
 10
303.5095354430207
 20
626.7349955931764
 30
0
  0
VERTEX
  5
6F4
  8
1
  6
BYLAYER
 62
  256
 10
308.8392846687983
 20
625.4213541979889
 30
0
  0
VERTEX
  5
6F5
  8
1
  6
BYLAYER
 62
  256
 10
314.2084820597142
 20
624.2255184679724
 30
0
  0
VERTEX
  5
6F6
  8
1
  6
BYLAYER
 62
  256
 10
319.6117794692576
 20
623.1483921565252
 30
0
  0
VERTEX
  5
6F7
  8
1
  6
BYLAYER
 62
  256
 10
325.0438235773834
 20
622.1908560152702
 30
0
  0
VERTEX
  5
6F8
  8
1
  6
BYLAYER
 62
  256
 10
330.4992567329596
 20
621.3537680237209
 30
0
  0
VERTEX
  5
6F9
  8
1
  6
BYLAYER
 62
  256
 10
335.9727177148393
 20
620.6379635006994
 30
0
  0
VERTEX
  5
6FA
  8
1
  6
BYLAYER
 62
  256
 10
341.4588424458532
 20
620.0442550895539
 30
0
  0
VERTEX
  5
6FB
  8
1
  6
BYLAYER
 62
  256
 10
346.952264693838
 20
619.5734326121852
 30
0
  0
VERTEX
  5
6FC
  8
1
  6
BYLAYER
 62
  256
 10
352.4476167940565
 20
619.226262789691
 30
0
  0
VERTEX
  5
6FD
  8
1
  6
BYLAYER
 62
  256
 10
357.9395304283566
 20
619.0034888302879
 30
0
  0
VERTEX
  5
6FE
  8
1
  6
BYLAYER
 62
  256
 10
363.4226374977791
 20
618.9058298882911
 30
0
  0
VERTEX
  5
6FF
  8
1
  6
BYLAYER
 62
  256
 10
368.8915711274504
 20
618.93398040152
 30
0
  0
VERTEX
  5
700
  8
1
  6
BYLAYER
 62
  256
 10
374.3409668449771
 20
619.0886093188332
 30
0
  0
VERTEX
  5
701
  8
1
  6
BYLAYER
 62
  256
 10
379.7654639765554
 20
619.3703592347784
 30
0
  0
VERTEX
  5
702
  8
1
  6
BYLAYER
 62
  256
 10
385.1597073079416
 20
619.7798454548923
 30
0
  0
VERTEX
  5
703
  8
1
  6
BYLAYER
 62
  256
 10
390.5183490606968
 20
620.3176550232445
 30
0
  0
VERTEX
  5
704
  8
1
  6
BYLAYER
 62
  256
 10
395.8360512366503
 20
620.9843457537104
 30
0
  0
VERTEX
  5
705
  8
1
  6
BYLAYER
 62
  256
 10
401.1074883856264
 20
621.7804453184293
 30
0
  0
VERTEX
  5
706
  8
1
  6
BYLAYER
 62
  256
 10
406.327350851933
 20
622.7064504612224
 30
0
  0
VERTEX
  5
707
  8
1
  6
BYLAYER
 62
  256
 10
411.4903485535332
 20
623.7628264205504
 30
0
  0
VERTEX
  5
708
  8
1
  6
BYLAYER
 62
  256
 10
416.6070183281263
 20
624.9536846666452
 30
0
  0
VERTEX
  5
709
  8
1
  6
BYLAYER
 62
  256
 10
419.4233192637078
 20
611.309964039003
 30
0
  0
VERTEX
  5
70A
  8
1
  6
BYLAYER
 62
  256
 10
414.6241503933394
 20
610.0662757433507
 30
0
  0
VERTEX
  5
70B
  8
1
  6
BYLAYER
 62
  256
 10
409.8316381980641
 20
608.6736349255966
 30
0
  0
VERTEX
  5
70C
  8
1
  6
BYLAYER
 62
  256
 10
405.0463506077832
 20
607.146740204412
 30
0
  0
VERTEX
  5
70D
  8
1
  6
BYLAYER
 62
  256
 10
400.2932626711068
 20
605.5078994541342
 30
0
  0
VERTEX
  5
70E
  8
1
  6
BYLAYER
 62
  256
 10
393.2041350183911
 20
602.8743501733243
 30
0
  0
VERTEX
  5
70F
  8
1
  6
BYLAYER
 62
  256
 10
383.9740345133749
 20
599.1237339828933
 30
0
  0
VERTEX
  5
710
  8
1
  6
BYLAYER
 62
  256
 10
370.6873351769871
 20
593.293870723532
 30
0
  0
VERTEX
  5
711
  8
1
  6
BYLAYER
 62
  256
 10
362.6038354644071
 20
589.5797483791016
 30
0
  0
VERTEX
  5
712
  8
1
  6
BYLAYER
 62
  256
 10
359.3503793310902
 20
588.0589700899552
 30
0
  0
VERTEX
  5
713
  8
1
  6
BYLAYER
 62
  256
 10
352.6441608773374
 20
584.6786621528256
 30
0
  0
VERTEX
  5
714
  8
1
  6
BYLAYER
 62
  256
 10
345.7830831844077
 20
580.9550232115616
 30
0
  0
VERTEX
  5
715
  8
1
  6
BYLAYER
 62
  256
 10
338.808819125184
 20
576.9330572175652
 30
0
  0
VERTEX
  5
716
  8
1
  6
BYLAYER
 62
  256
 10
331.7812641066837
 20
572.66806698442
 30
0
  0
VERTEX
  5
717
  8
1
  6
BYLAYER
 62
  256
 10
324.7587680715524
 20
568.2152408440983
 30
0
  0
VERTEX
  5
718
  8
1
  6
BYLAYER
 62
  256
 10
317.7986206379741
 20
563.6296427550284
 30
0
  0
VERTEX
  5
719
  8
1
  6
BYLAYER
 62
  256
 10
310.9573836176493
 20
558.9662344029584
 30
0
  0
VERTEX
  5
71A
  8
1
  6
BYLAYER
 62
  256
 10
304.291129815901
 20
554.2799139594473
 30
0
  0
VERTEX
  5
71B
  8
1
  6
BYLAYER
 62
  256
 10
297.8615608718932
 20
549.6298592378132
 30
0
  0
VERTEX
  5
71C
  8
1
  6
BYLAYER
 62
  256
 10
288.7162405935068
 20
542.8071983381495
 30
0
  0
VERTEX
  5
71D
  8
1
  6
BYLAYER
 62
  256
 10
277.894850574481
 20
534.3489788889925
 30
0
  0
VERTEX
  5
71E
  8
1
  6
BYLAYER
 62
  256
 10
268.9978836968197
 20
527.0124623625936
 30
0
  0
VERTEX
  5
71F
  8
1
  6
BYLAYER
 62
  256
 10
265.5437254401406
 20
524.0014703029794
 30
0
  0
SEQEND
  5
720
  8
1
  6
BYLAYER
 62
  256
  0
POLYLINE
  5
721
  8
8
  6
BYLAYER
 62
  256
 66
    1
 10
0
 20
0
 30
0
 70
    1
  0
VERTEX
  5
722
  8
8
  6
BYLAYER
 62
  256
 10
260.9086390122927
 20
529.2472478425281
 30
0
  0
VERTEX
  5
723
  8
8
  6
BYLAYER
 62
  256
 10
257.3887924861025
 20
526.0948393096005
 30
0
  0
VERTEX
  5
724
  8
8
  6
BYLAYER
 62
  256
 10
248.876450837713
 20
518.0402403879289
 30
0
  0
VERTEX
  5
725
  8
8
  6
BYLAYER
 62
  256
 10
239.0295567846341
 20
508.2226199990787
 30
0
  0
VERTEX
  5
726
  8
8
  6
BYLAYER
 62
  256
 10
231.0423378596891
 20
499.892850086112
 30
0
  0
VERTEX
  5
727
  8
8
  6
BYLAYER
 62
  256
 10
225.5686285197587
 20
494.0125204160969
 30
0
  0
VERTEX
  5
728
  8
8
  6
BYLAYER
 62
  256
 10
220.0316722727316
 20
487.9018833541634
 30
0
  0
VERTEX
  5
729
  8
8
  6
BYLAYER
 62
  256
 10
214.4915560506246
 20
481.6077051169512
 30
0
  0
VERTEX
  5
72A
  8
8
  6
BYLAYER
 62
  256
 10
209.0083667854547
 20
475.1767519210985
 30
0
  0
VERTEX
  5
72B
  8
8
  6
BYLAYER
 62
  256
 10
203.6421914092385
 20
468.6557899832451
 30
0
  0
VERTEX
  5
72C
  8
8
  6
BYLAYER
 62
  256
 10
198.453116853993
 20
462.0915855200298
 30
0
  0
VERTEX
  5
72D
  8
8
  6
BYLAYER
 62
  256
 10
193.501230051735
 20
455.5309047480919
 30
0
  0
VERTEX
  5
72E
  8
8
  6
BYLAYER
 62
  256
 10
188.8466179344812
 20
449.0205138840704
 30
0
  0
VERTEX
  5
72F
  8
8
  6
BYLAYER
 62
  256
 10
184.5493674342486
 20
442.6071791446045
 30
0
  0
VERTEX
  5
730
  8
8
  6
BYLAYER
 62
  256
 10
182.5721754573974
 20
439.4584891580096
 30
0
  0
VERTEX
  5
731
  8
8
  6
BYLAYER
 62
  256
 10
177.847119319089
 20
431.8230999256986
 30
0
  0
VERTEX
  5
732
  8
8
  6
BYLAYER
 62
  256
 10
170.3454026790714
 20
419.220866289918
 30
0
  0
VERTEX
  5
733
  8
8
  6
BYLAYER
 62
  256
 10
165.3880893419274
 20
410.3462754828723
 30
0
  0
VERTEX
  5
734
  8
8
  6
BYLAYER
 62
  256
 10
161.8145913310266
 20
403.467872847007
 30
0
  0
VERTEX
  5
735
  8
8
  6
BYLAYER
 62
  256
 10
159.5308337310979
 20
398.8055914271507
 30
0
  0
VERTEX
  5
736
  8
8
  6
BYLAYER
 62
  256
 10
157.3540984721619
 20
394.0882806364453
 30
0
  0
VERTEX
  5
737
  8
8
  6
BYLAYER
 62
  256
 10
155.3054135466077
 20
389.325923458856
 30
0
  0
VERTEX
  5
738
  8
8
  6
BYLAYER
 62
  256
 10
154.4905136981951
 20
387.2679092867245
 30
0
  0
VERTEX
  5
739
  8
8
  6
BYLAYER
 62
  256
 10
155.1725998673807
 20
389.124243304005
 30
0
  0
VERTEX
  5
73A
  8
8
  6
BYLAYER
 62
  256
 10
156.9161011374046
 20
394.2939668440806
 30
0
  0
VERTEX
  5
73B
  8
8
  6
BYLAYER
 62
  256
 10
158.5313824993491
 20
399.5337758667164
 30
0
  0
VERTEX
  5
73C
  8
8
  6
BYLAYER
 62
  256
 10
160.0186000052823
 20
404.8384463862872
 30
0
  0
VERTEX
  5
73D
  8
8
  6
BYLAYER
 62
  256
 10
161.3779097072724
 20
410.2027544171678
 30
0
  0
VERTEX
  5
73E
  8
8
  6
BYLAYER
 62
  256
 10
162.6094676573878
 20
415.6214759737332
 30
0
  0
VERTEX
  5
73F
  8
8
  6
BYLAYER
 62
  256
 10
163.7134299076966
 20
421.0893870703579
 30
0
  0
VERTEX
  5
740
  8
8
  6
BYLAYER
 62
  256
 10
164.689952510267
 20
426.6012637214171
 30
0
  0
VERTEX
  5
741
  8
8
  6
BYLAYER
 62
  256
 10
165.5391915171673
 20
432.1518819412858
 30
0
  0
VERTEX
  5
742
  8
8
  6
BYLAYER
 62
  256
 10
166.2613029804658
 20
437.7360177443382
 30
0
  0
VERTEX
  5
743
  8
8
  6
BYLAYER
 62
  256
 10
166.8564429522307
 20
443.3484471449494
 30
0
  0
VERTEX
  5
744
  8
8
  6
BYLAYER
 62
  256
 10
167.32476748453
 20
448.9839461574944
 30
0
  0
VERTEX
  5
745
  8
8
  6
BYLAYER
 62
  256
 10
167.6664326294323
 20
454.6372907963481
 30
0
  0
VERTEX
  5
746
  8
8
  6
BYLAYER
 62
  256
 10
167.8815944390056
 20
460.3032570758849
 30
0
  0
VERTEX
  5
747
  8
8
  6
BYLAYER
 62
  256
 10
167.9704089653183
 20
465.97662101048
 30
0
  0
VERTEX
  5
748
  8
8
  6
BYLAYER
 62
  256
 10
167.9330322604385
 20
471.6521586145082
 30
0
  0
VERTEX
  5
749
  8
8
  6
BYLAYER
 62
  256
 10
167.7696203764344
 20
477.3246459023441
 30
0
  0
VERTEX
  5
74A
  8
8
  6
BYLAYER
 62
  256
 10
167.4803293653743
 20
482.9888588883625
 30
0
  0
VERTEX
  5
74B
  8
8
  6
BYLAYER
 62
  256
 10
167.0653152793265
 20
488.6395735869388
 30
0
  0
VERTEX
  5
74C
  8
8
  6
BYLAYER
 62
  256
 10
166.5247341703592
 20
494.2715660124473
 30
0
  0
VERTEX
  5
74D
  8
8
  6
BYLAYER
 62
  256
 10
165.8587420905405
 20
499.8796121792628
 30
0
  0
VERTEX
  5
74E
  8
8
  6
BYLAYER
 62
  256
 10
165.0674950919388
 20
505.4584881017606
 30
0
  0
VERTEX
  5
74F
  8
8
  6
BYLAYER
 62
  256
 10
164.1511492266223
 20
511.0029697943151
 30
0
  0
VERTEX
  5
750
  8
8
  6
BYLAYER
 62
  256
 10
163.1098605466591
 20
516.5078332713015
 30
0
  0
VERTEX
  5
751
  8
8
  6
BYLAYER
 62
  256
 10
161.9437851041176
 20
521.9678545470941
 30
0
  0
VERTEX
  5
752
  8
8
  6
BYLAYER
 62
  256
 10
160.653078951066
 20
527.3778096360682
 30
0
  0
VERTEX
  5
753
  8
8
  6
BYLAYER
 62
  256
 10
159.2378981395725
 20
532.7324745525982
 30
0
  0
VERTEX
  5
754
  8
8
  6
BYLAYER
 62
  256
 10
157.6983987217053
 20
538.0266253110595
 30
0
  0
VERTEX
  5
755
  8
8
  6
BYLAYER
 62
  256
 10
156.0347367495328
 20
543.2550379258265
 30
0
  0
VERTEX
  5
756
  8
8
  6
BYLAYER
 62
  256
 10
154.2470682751229
 20
548.4124884112742
 30
0
  0
VERTEX
  5
757
  8
8
  6
BYLAYER
 62
  256
 10
152.3355493505442
 20
553.4937527817775
 30
0
  0
VERTEX
  5
758
  8
8
  6
BYLAYER
 62
  256
 10
151.3282440535434
 20
556.0006817578594
 30
0
  0
VERTEX
  5
759
  8
8
  6
BYLAYER
 62
  256
 10
147.1476245045665
 20
566.3771845976397
 30
0
  0
VERTEX
  5
75A
  8
8
  6
BYLAYER
 62
  256
 10
138.8825663876223
 20
587.4829527980066
 30
0
  0
VERTEX
  5
75B
  8
8
  6
BYLAYER
 62
  256
 10
132.6029506272473
 20
603.4424137456007
 30
0
  0
VERTEX
  5
75C
  8
8
  6
BYLAYER
 62
  256
 10
128.3218390844926
 20
614.0765776148949
 30
0
  0
VERTEX
  5
75D
  8
8
  6
BYLAYER
 62
  256
 10
123.9230419695305
 20
624.6693690884971
 30
0
  0
VERTEX
  5
75E
  8
8
  6
BYLAYER
 62
  256
 10
120.3070417857686
 20
633.0266114928927
 30
0
  0
VERTEX
  5
75F
  8
8
  6
BYLAYER
 62
  256
 10
123.3178167616028
 20
634.9623709386523
 30
0
  0
VERTEX
  5
760
  8
8
  6
BYLAYER
 62
  256
 10
127.9892965804427
 20
638.158768558565
 30
0
  0
VERTEX
  5
761
  8
8
  6
BYLAYER
 62
  256
 10
132.702171149464
 20
641.5758263094743
 30
0
  0
VERTEX
  5
762
  8
8
  6
BYLAYER
 62
  256
 10
137.456709735415
 20
645.2148648399601
 30
0
  0
VERTEX
  5
763
  8
8
  6
BYLAYER
 62
  256
 10
142.2531816050438
 20
649.0772047986026
 30
0
  0
VERTEX
  5
764
  8
8
  6
BYLAYER
 62
  256
 10
147.0918560250984
 20
653.1641668339814
 30
0
  0
VERTEX
  5
765
  8
8
  6
BYLAYER
 62
  256
 10
149.528878606167
 20
655.3017356268618
 30
0
  0
VERTEX
  5
766
  8
8
  6
BYLAYER
 62
  256
 10
150.2987101323624
 20
655.9947010856179
 30
0
  0
VERTEX
  5
767
  8
8
  6
BYLAYER
 62
  256
 10
151.806517252949
 20
657.4829663445636
 30
0
  0
VERTEX
  5
768
  8
8
  6
BYLAYER
 62
  256
 10
153.2707913954226
 20
659.0946294581504
 30
0
  0
VERTEX
  5
769
  8
8
  6
BYLAYER
 62
  256
 10
154.6856371598414
 20
660.830353365178
 30
0
  0
VERTEX
  5
76A
  8
8
  6
BYLAYER
 62
  256
 10
156.0451591462636
 20
662.6908010044466
 30
0
  0
VERTEX
  5
76B
  8
8
  6
BYLAYER
 62
  256
 10
157.3434619547472
 20
664.6766353147565
 30
0
  0
VERTEX
  5
76C
  8
8
  6
BYLAYER
 62
  256
 10
158.5746501853506
 20
666.7885192349078
 30
0
  0
VERTEX
  5
76D
  8
8
  6
BYLAYER
 62
  256
 10
159.7328284381317
 20
669.0271157037005
 30
0
  0
VERTEX
  5
76E
  8
8
  6
BYLAYER
 62
  256
 10
160.8121013131488
 20
671.3930876599348
 30
0
  0
VERTEX
  5
76F
  8
8
  6
BYLAYER
 62
  256
 10
161.8065734104601
 20
673.8870980424109
 30
0
  0
VERTEX
  5
770
  8
8
  6
BYLAYER
 62
  256
 10
162.7103493301236
 20
676.5098097899289
 30
0
  0
VERTEX
  5
771
  8
8
  6
BYLAYER
 62
  256
 10
163.5175336721976
 20
679.261885841289
 30
0
  0
VERTEX
  5
772
  8
8
  6
BYLAYER
 62
  256
 10
164.2222310367403
 20
682.1439891352909
 30
0
  0
VERTEX
  5
773
  8
8
  6
BYLAYER
 62
  256
 10
164.8185460238096
 20
685.1567826107355
 30
0
  0
VERTEX
  5
774
  8
8
  6
BYLAYER
 62
  256
 10
165.2028454537741
 20
687.6634225967101
 30
0
  0
VERTEX
  5
775
  8
8
  6
BYLAYER
 62
  256
 10
173.2044408453986
 20
682.7516280276284
 30
0
  0
VERTEX
  5
776
  8
8
  6
BYLAYER
 62
  256
 10
183.0812250163352
 20
676.9406080553159
 30
0
  0
VERTEX
  5
777
  8
8
  6
BYLAYER
 62
  256
 10
193.0517273645962
 20
671.2708875873261
 30
0
  0
VERTEX
  5
778
  8
8
  6
BYLAYER
 62
  256
 10
203.0777790922465
 20
665.712862398917
 30
0
  0
VERTEX
  5
779
  8
8
  6
BYLAYER
 62
  256
 10
218.1425016015247
 20
657.5157834341776
 30
0
  0
VERTEX
  5
77A
  8
8
  6
BYLAYER
 62
  256
 10
238.0698757579399
 20
646.7146540379376
 30
0
  0
VERTEX
  5
77B
  8
8
  6
BYLAYER
 62
  256
 10
247.8526020832616
 20
641.2880845284675
 30
0
  0
VERTEX
  5
77C
  8
8
  6
BYLAYER
 62
  256
 10
250.216411380401
 20
639.9797411258231
 30
0
  0
VERTEX
  5
77D
  8
8
  6
BYLAYER
 62
  256
 10
255.0236181379349
 20
637.4570609256613
 30
0
  0
VERTEX
  5
77E
  8
8
  6
BYLAYER
 62
  256
 10
259.9216821816183
 20
635.0479069853288
 30
0
  0
VERTEX
  5
77F
  8
8
  6
BYLAYER
 62
  256
 10
264.9054385006109
 20
632.7530774533572
 30
0
  0
VERTEX
  5
780
  8
8
  6
BYLAYER
 62
  256
 10
269.9697220840722
 20
630.5733704782766
 30
0
  0
VERTEX
  5
781
  8
8
  6
BYLAYER
 62
  256
 10
275.1093679211614
 20
628.5095842086184
 30
0
  0
VERTEX
  5
782
  8
8
  6
BYLAYER
 62
  256
 10
280.3192110010384
 20
626.5625167929132
 30
0
  0
VERTEX
  5
783
  8
8
  6
BYLAYER
 62
  256
 10
285.5940863128623
 20
624.732966379692
 30
0
  0
VERTEX
  5
784
  8
8
  6
BYLAYER
 62
  256
 10
290.9288288457927
 20
623.0217311174856
 30
0
  0
VERTEX
  5
785
  8
8
  6
BYLAYER
 62
  256
 10
296.3182735889891
 20
621.4296091548248
 30
0
  0
VERTEX
  5
786
  8
8
  6
BYLAYER
 62
  256
 10
301.7572555316111
 20
619.9573986402405
 30
0
  0
VERTEX
  5
787
  8
8
  6
BYLAYER
 62
  256
 10
307.240609662818
 20
618.6058977222634
 30
0
  0
VERTEX
  5
788
  8
8
  6
BYLAYER
 62
  256
 10
312.7631709717695
 20
617.3759045494246
 30
0
  0
VERTEX
  5
789
  8
8
  6
BYLAYER
 62
  256
 10
318.3197744476248
 20
616.2682172702547
 30
0
  0
VERTEX
  5
78A
  8
8
  6
BYLAYER
 62
  256
 10
323.9052550795436
 20
615.2836340332847
 30
0
  0
VERTEX
  5
78B
  8
8
  6
BYLAYER
 62
  256
 10
329.5144478566853
 20
614.4229529870453
 30
0
  0
VERTEX
  5
78C
  8
8
  6
BYLAYER
 62
  256
 10
335.1421877682094
 20
613.6869722800676
 30
0
  0
VERTEX
  5
78D
  8
8
  6
BYLAYER
 62
  256
 10
340.7833098032754
 20
613.0764900608824
 30
0
  0
VERTEX
  5
78E
  8
8
  6
BYLAYER
 62
  256
 10
346.4326489510427
 20
612.5923044780203
 30
0
  0
VERTEX
  5
78F
  8
8
  6
BYLAYER
 62
  256
 10
352.0850402006708
 20
612.2352136800125
 30
0
  0
VERTEX
  5
790
  8
8
  6
BYLAYER
 62
  256
 10
357.7353185413193
 20
612.0060158153896
 30
0
  0
VERTEX
  5
791
  8
8
  6
BYLAYER
 62
  256
 10
363.3783189621476
 20
611.9055090326825
 30
0
  0
VERTEX
  5
792
  8
8
  6
BYLAYER
 62
  256
 10
369.0088764523152
 20
611.9344914804219
 30
0
  0
VERTEX
  5
793
  8
8
  6
BYLAYER
 62
  256
 10
374.6218260009816
 20
612.0937613071391
 30
0
  0
VERTEX
  5
794
  8
8
  6
BYLAYER
 62
  256
 10
380.2120025973062
 20
612.3841166613647
 30
0
  0
VERTEX
  5
795
  8
8
  6
BYLAYER
 62
  256
 10
385.7742412304486
 20
612.8063556916293
 30
0
  0
VERTEX
  5
796
  8
8
  6
BYLAYER
 62
  256
 10
391.3033768895683
 20
613.361276546464
 30
0
  0
VERTEX
  5
797
  8
8
  6
BYLAYER
 62
  256
 10
396.7942445638245
 20
614.0496773743997
 30
0
  0
VERTEX
  5
798
  8
8
  6
BYLAYER
 62
  256
 10
402.241679242377
 20
614.8723563239671
 30
0
  0
VERTEX
  5
799
  8
8
  6
BYLAYER
 62
  256
 10
407.6405159143851
 20
615.8301115436973
 30
0
  0
VERTEX
  5
79A
  8
8
  6
BYLAYER
 62
  256
 10
412.9855895690084
 20
616.9237411821207
 30
0
  0
VERTEX
  5
79B
  8
8
  6
BYLAYER
 62
  256
 10
414.9117879125454
 20
617.3720462872119
 30
0
  0
VERTEX
  5
79C
  8
8
  6
BYLAYER
 62
  256
 10
412.7690896105212
 20
616.816773307385
 30
0
  0
VERTEX
  5
79D
  8
8
  6
BYLAYER
 62
  256
 10
407.790701490099
 20
615.3701193979891
 30
0
  0
VERTEX
  5
79E
  8
8
  6
BYLAYER
 62
  256
 10
402.8412487392341
 20
613.7908426804524
 30
0
  0
VERTEX
  5
79F
  8
8
  6
BYLAYER
 62
  256
 10
397.9332277611119
 20
612.0985817988266
 30
0
  0
VERTEX
  5
7A0
  8
8
  6
BYLAYER
 62
  256
 10
390.6671326522013
 20
609.3992906468275
 30
0
  0
VERTEX
  5
7A1
  8
8
  6
BYLAYER
 62
  256
 10
381.2496381706406
 20
605.5725276276556
 30
0
  0
VERTEX
  5
7A2
  8
8
  6
BYLAYER
 62
  256
 10
367.8195519610314
 20
599.6797498819419
 30
0
  0
VERTEX
  5
7A3
  8
8
  6
BYLAYER
 62
  256
 10
359.6604280635203
 20
595.9308805238394
 30
0
  0
VERTEX
  5
7A4
  8
8
  6
BYLAYER
 62
  256
 10
356.2922295905023
 20
594.3564676836454
 30
0
  0
VERTEX
  5
7A5
  8
8
  6
BYLAYER
 62
  256
 10
349.3985396274537
 20
590.8816636552792
 30
0
  0
VERTEX
  5
7A6
  8
8
  6
BYLAYER
 62
  256
 10
342.3645265261997
 20
587.0641693388715
 30
0
  0
VERTEX
  5
7A7
  8
8
  6
BYLAYER
 62
  256
 10
335.2439997114175
 20
582.9578555450142
 30
0
  0
VERTEX
  5
7A8
  8
8
  6
BYLAYER
 62
  256
 10
328.0907686077848
 20
578.6165930842991
 30
0
  0
VERTEX
  5
7A9
  8
8
  6
BYLAYER
 62
  256
 10
320.9586426399789
 20
574.0942527673182
 30
0
  0
VERTEX
  5
7AA
  8
8
  6
BYLAYER
 62
  256
 10
313.9014312326772
 20
569.4447054046631
 30
0
  0
VERTEX
  5
7AB
  8
8
  6
BYLAYER
 62
  256
 10
306.9729438105571
 20
564.7218218069256
 30
0
  0
VERTEX
  5
7AC
  8
8
  6
BYLAYER
 62
  256
 10
300.2269897982962
 20
559.9794727846978
 30
0
  0
VERTEX
  5
7AD
  8
8
  6
BYLAYER
 62
  256
 10
293.7173786205718
 20
555.2715291485711
 30
0
  0
VERTEX
  5
7AE
  8
8
  6
BYLAYER
 62
  256
 10
284.4674544856942
 20
548.3708308899181
 30
0
  0
VERTEX
  5
7AF
  8
8
  6
BYLAYER
 62
  256
 10
273.5120022335936
 20
539.8078256613743
 30
0
  0
VERTEX
  5
7B0
  8
8
  6
BYLAYER
 62
  256
 10
264.4704909638327
 20
532.3521165678882
 30
0
  0
VERTEX
  5
7B1
  8
8
  6
BYLAYER
 62
  256
 10
260.9086390122927
 20
529.2472478425283
 30
0
  0
SEQEND
  5
7B2
  8
8
  6
BYLAYER
 62
  256
  0
LINE
  5
7B3
  8
7
  6
BYLAYER
 62
  256
 10
157.4124863678992
 20
646.3794311195243
 11
253.0250312505605
 21
538.1695523498657
  0
TEXT
  5
7B4
  8
1
  6
BYLAYER
 62
  256
 10
161.6265362371495
 20
634.7704648062672
 30
0
 40
2.5
  1
Piece Name: Raglan Upper Final 2
 50
0
 41
1
 51
0
  7
STANDARD
 71
    0
210
0
220
0
230
1
  0
TEXT
  5
7B5
  8
1
  6
BYLAYER
 62
  256
 10
161.6265362371495
 20
632.2704648062672
 30
0
 40
2.5
  1
File Name: GBlock-201-Sweatshirt-Parametric-Scalable-V2-Hood-SG-EXTRA
 50
0
 41
1
 51
0
  7
STANDARD
 71
    0
210
0
220
0
230
1
  0
TEXT
  5
7B6
  8
1
  6
BYLAYER
 62
  256
 10
161.6265362371495
 20
629.7704648062673
 30
0
 40
2.5
  1
Measurement Name: SG-EXTRA
 50
0
 41
1
 51
0
  7
STANDARD
 71
    0
210
0
220
0
230
1
  0
TEXT
  5
7B7
  8
1
  6
BYLAYER
 62
  256
 10
161.6265362371495
 20
627.2704648062673
 30
0
 40
2.5
  1
Date: 10-30-2025
 50
0
 41
1
 51
0
  7
STANDARD
 71
    0
210
0
220
0
230
1
  0
ENDBLK
  8
1
  0
BLOCK
  8
1
  2
SHAPED_HOOD
 70
    0
 10
0
 20
0
  3
SHAPED_HOOD
  1

  0
POLYLINE
  5
7B8
  8
1
  6
BYLAYER
 62
  256
 66
    1
 10
0
 20
0
 30
0
 70
    1
  0
VERTEX
  5
7B9
  8
1
  6
BYLAYER
 62
  256
 10
372.4479839412593
 20
471.4731896483315
 30
0
  0
VERTEX
  5
7BA
  8
1
  6
BYLAYER
 62
  256
 10
377.3394980240521
 20
460.7810853575269
 30
0
  0
VERTEX
  5
7BB
  8
1
  6
BYLAYER
 62
  256
 10
380.8595340237815
 20
453.5253862767298
 30
0
  0
VERTEX
  5
7BC
  8
1
  6
BYLAYER
 62
  256
 10
384.3090396028721
 20
446.8819158590662
 30
0
  0
VERTEX
  5
7BD
  8
1
  6
BYLAYER
 62
  256
 10
387.7123734629278
 20
440.728538121627
 30
0
  0
VERTEX
  5
7BE
  8
1
  6
BYLAYER
 62
  256
 10
391.085762342604
 20
434.9626852848297
 30
0
  0
VERTEX
  5
7BF
  8
1
  6
BYLAYER
 62
  256
 10
394.440740770647
 20
429.4913263810453
 30
0
  0
VERTEX
  5
7C0
  8
1
  6
BYLAYER
 62
  256
 10
399.5096257166318
 20
421.5517145130234
 30
0
  0
VERTEX
  5
7C1
  8
1
  6
BYLAYER
 62
  256
 10
406.345030772226
 20
411.1073109097114
 30
0
  0
VERTEX
  5
7C2
  8
1
  6
BYLAYER
 62
  256
 10
411.5723423722006
 20
402.9195485794809
 30
0
  0
VERTEX
  5
7C3
  8
1
  6
BYLAYER
 62
  256
 10
415.1303291323744
 20
397.1171200520405
 30
0
  0
VERTEX
  5
7C4
  8
1
  6
BYLAYER
 62
  256
 10
418.7302299885114
 20
390.9641091470131
 30
0
  0
VERTEX
  5
7C5
  8
1
  6
BYLAYER
 62
  256
 10
422.377745996894
 20
384.3692393147107
 30
0
  0
VERTEX
  5
7C6
  8
1
  6
BYLAYER
 62
  256
 10
426.0738860038917
 20
377.2507708174062
 30
0
  0
VERTEX
  5
7C7
  8
1
  6
BYLAYER
 62
  256
 10
429.8115268929302
 20
369.5465321206909
 30
0
  0
VERTEX
  5
7C8
  8
1
  6
BYLAYER
 62
  256
 10
433.6374175153585
 20
361.1837183072511
 30
0
  0
VERTEX
  5
7C9
  8
1
  6
BYLAYER
 62
  256
 10
426.0323544999606
 20
355.026796041712
 30
0
  0
VERTEX
  5
7CA
  8
1
  6
BYLAYER
 62
  256
 10
424.2045487108692
 20
353.3866487631798
 30
0
  0
VERTEX
  5
7CB
  8
1
  6
BYLAYER
 62
  256
 10
422.5199010375314
 20
351.6779284831983
 30
0
  0
VERTEX
  5
7CC
  8
1
  6
BYLAYER
 62
  256
 10
420.9474085663102
 20
349.8754093858194
 30
0
  0
VERTEX
  5
7CD
  8
1
  6
BYLAYER
 62
  256
 10
419.4832024810915
 20
347.9771410816522
 30
0
  0
VERTEX
  5
7CE
  8
1
  6
BYLAYER
 62
  256
 10
418.1242287335162
 20
345.9809793544271
 30
0
  0
VERTEX
  5
7CF
  8
1
  6
BYLAYER
 62
  256
 10
416.8682600243379
 20
343.8848118582413
 30
0
  0
VERTEX
  5
7D0
  8
1
  6
BYLAYER
 62
  256
 10
415.7138408054304
 20
341.6867586575027
 30
0
  0
VERTEX
  5
7D1
  8
1
  6
BYLAYER
 62
  256
 10
414.6601811219936
 20
339.3853288082065
 30
0
  0
VERTEX
  5
7D2
  8
1
  6
BYLAYER
 62
  256
 10
413.7070196493901
 20
336.9795238115276
 30
0
  0
VERTEX
  5
7D3
  8
1
  6
BYLAYER
 62
  256
 10
412.8544761455335
 20
334.4688880138287
 30
0
  0
VERTEX
  5
7D4
  8
1
  6
BYLAYER
 62
  256
 10
412.1029099674629
 20
331.8535129668547
 30
0
  0
VERTEX
  5
7D5
  8
1
  6
BYLAYER
 62
  256
 10
411.4527960320729
 20
329.1340066278942
 30
0
  0
VERTEX
  5
7D6
  8
1
  6
BYLAYER
 62
  256
 10
410.9046242117619
 20
326.3114392941352
 30
0
  0
VERTEX
  5
7D7
  8
1
  6
BYLAYER
 62
  256
 10
410.4588236821555
 20
323.3872771208615
 30
0
  0
VERTEX
  5
7D8
  8
1
  6
BYLAYER
 62
  256
 10
410.1157106215476
 20
320.3633119023607
 30
0
  0
VERTEX
  5
7D9
  8
1
  6
BYLAYER
 62
  256
 10
409.87545588734
 20
317.2415932836071
 30
0
  0
VERTEX
  5
7DA
  8
1
  6
BYLAYER
 62
  256
 10
409.7380685994644
 20
314.024367241777
 30
0
  0
VERTEX
  5
7DB
  8
1
  6
BYLAYER
 62
  256
 10
409.7033916013892
 20
310.714022793403
 30
0
  0
VERTEX
  5
7DC
  8
1
  6
BYLAYER
 62
  256
 10
409.7707828906743
 20
307.329237331382
 30
0
  0
VERTEX
  5
7DD
  8
1
  6
BYLAYER
 62
  256
 10
410.0509331998418
 20
302.068748685306
 30
0
  0
VERTEX
  5
7DE
  8
1
  6
BYLAYER
 62
  256
 10
410.7954890634316
 20
294.738468913198
 30
0
  0
VERTEX
  5
7DF
  8
1
  6
BYLAYER
 62
  256
 10
411.9353088177702
 20
287.1081495091369
 30
0
  0
VERTEX
  5
7E0
  8
1
  6
BYLAYER
 62
  256
 10
413.4637371103553
 20
279.1821157564765
 30
0
  0
VERTEX
  5
7E1
  8
1
  6
BYLAYER
 62
  256
 10
415.3713570125769
 20
270.9803481702428
 30
0
  0
VERTEX
  5
7E2
  8
1
  6
BYLAYER
 62
  256
 10
417.6479246855259
 20
262.5223068286379
 30
0
  0
VERTEX
  5
7E3
  8
1
  6
BYLAYER
 62
  256
 10
420.2825965050718
 20
253.8269395725172
 30
0
  0
VERTEX
  5
7E4
  8
1
  6
BYLAYER
 62
  256
 10
423.264097562222
 20
244.9127229686666
 30
0
  0
VERTEX
  5
7E5
  8
1
  6
BYLAYER
 62
  256
 10
426.5808445568331
 20
235.7977161429561
 30
0
  0
VERTEX
  5
7E6
  8
1
  6
BYLAYER
 62
  256
 10
430.2210345036751
 20
226.4996167394297
 30
0
  0
VERTEX
  5
7E7
  8
1
  6
BYLAYER
 62
  256
 10
434.1727083593281
 20
217.0358136613338
 30
0
  0
VERTEX
  5
7E8
  8
1
  6
BYLAYER
 62
  256
 10
438.4237964803921
 20
207.4234343013698
 30
0
  0
VERTEX
  5
7E9
  8
1
  6
BYLAYER
 62
  256
 10
442.9621510082134
 20
197.6793856137225
 30
0
  0
VERTEX
  5
7EA
  8
1
  6
BYLAYER
 62
  256
 10
447.775568874678
 20
187.8203892125088
 30
0
  0
VERTEX
  5
7EB
  8
1
  6
BYLAYER
 62
  256
 10
452.851808082114
 20
177.8630110583765
 30
0
  0
VERTEX
  5
7EC
  8
1
  6
BYLAYER
 62
  256
 10
458.1785991522805
 20
167.8236864261733
 30
0
  0
VERTEX
  5
7ED
  8
1
  6
BYLAYER
 62
  256
 10
463.7436530940334
 20
157.7187408521316
 30
0
  0
VERTEX
  5
7EE
  8
1
  6
BYLAYER
 62
  256
 10
469.5346668493993
 20
147.5644077052179
 30
0
  0
VERTEX
  5
7EF
  8
1
  6
BYLAYER
 62
  256
 10
475.5393268994934
 20
137.3768429507791
 30
0
  0
VERTEX
  5
7F0
  8
1
  6
BYLAYER
 62
  256
 10
481.7453115129869
 20
127.1721375937087
 30
0
  0
VERTEX
  5
7F1
  8
1
  6
BYLAYER
 62
  256
 10
488.1402919771828
 20
116.9663282125192
 30
0
  0
VERTEX
  5
7F2
  8
1
  6
BYLAYER
 62
  256
 10
494.7159104137105
 20
106.7692380600078
 30
0
  0
VERTEX
  5
7F3
  8
1
  6
BYLAYER
 62
  256
 10
501.4007548312526
 20
96.64020336884386
 30
0
  0
VERTEX
  5
7F4
  8
1
  6
BYLAYER
 62
  256
 10
491.9206926627375
 20
88.14658769016216
 30
0
  0
VERTEX
  5
7F5
  8
1
  6
BYLAYER
 62
  256
 10
481.7156384341788
 20
79.25997076322983
 30
0
  0
VERTEX
  5
7F6
  8
1
  6
BYLAYER
 62
  256
 10
471.2124691986893
 20
70.51488204716728
 30
0
  0
VERTEX
  5
7F7
  8
1
  6
BYLAYER
 62
  256
 10
463.1232171360368
 20
64.12145500380453
 30
0
  0
VERTEX
  5
7F8
  8
1
  6
BYLAYER
 62
  256
 10
457.6289241017419
 20
59.94558303551131
 30
0
  0
VERTEX
  5
7F9
  8
1
  6
BYLAYER
 62
  256
 10
452.0621789025247
 20
55.87014109677831
 30
0
  0
VERTEX
  5
7FA
  8
1
  6
BYLAYER
 62
  256
 10
446.4144956999095
 20
51.90302171515323
 30
0
  0
VERTEX
  5
7FB
  8
1
  6
BYLAYER
 62
  256
 10
440.6845713340425
 20
48.05768552197883
 30
0
  0
VERTEX
  5
7FC
  8
1
  6
BYLAYER
 62
  256
 10
434.8710669094584
 20
44.34768309976756
 30
0
  0
VERTEX
  5
7FD
  8
1
  6
BYLAYER
 62
  256
 10
428.9726224122095
 20
40.78667214068727
 30
0
  0
VERTEX
  5
7FE
  8
1
  6
BYLAYER
 62
  256
 10
422.9878761501616
 20
37.38843490721703
 30
0
  0
VERTEX
  5
7FF
  8
1
  6
BYLAYER
 62
  256
 10
416.915489901553
 20
34.16689505350194
 30
0
  0
VERTEX
  5
800
  8
1
  6
BYLAYER
 62
  256
 10
410.7717787532206
 20
31.14478907126161
 30
0
  0
VERTEX
  5
801
  8
1
  6
BYLAYER
 62
  256
 10
407.6475072158522
 20
29.71143795046268
 30
0
  0
VERTEX
  5
802
  8
1
  6
BYLAYER
 62
  256
 10
402.5652077449017
 20
27.43004702580767
 30
0
  0
VERTEX
  5
803
  8
1
  6
BYLAYER
 62
  256
 10
392.7217287716732
 20
23.17661005767692
 30
0
  0
VERTEX
  5
804
  8
1
  6
BYLAYER
 62
  256
 10
383.1847483585889
 20
19.27083929291431
 30
0
  0
VERTEX
  5
805
  8
1
  6
BYLAYER
 62
  256
 10
373.9492959636786
 20
15.72348407338522
 30
0
  0
VERTEX
  5
806
  8
1
  6
BYLAYER
 62
  256
 10
365.0017946559062
 20
12.54198937272697
 30
0
  0
VERTEX
  5
807
  8
1
  6
BYLAYER
 62
  256
 10
356.3284360278737
 20
9.734209129349791
 30
0
  0
VERTEX
  5
808
  8
1
  6
BYLAYER
 62
  256
 10
347.9152451546584
 20
7.308533845833014
 30
0
  0
VERTEX
  5
809
  8
1
  6
BYLAYER
 62
  256
 10
339.7482043137272
 20
5.274035561526584
 30
0
  0
VERTEX
  5
80A
  8
1
  6
BYLAYER
 62
  256
 10
331.8134589744255
 20
3.640616745477778
 30
0
  0
VERTEX
  5
80B
  8
1
  6
BYLAYER
 62
  256
 10
324.1130941814715
 20
2.421583888689971
 30
0
  0
VERTEX
  5
80C
  8
1
  6
BYLAYER
 62
  256
 10
318.4731921072916
 20
1.796982184857527
 30
0
  0
VERTEX
  5
80D
  8
1
  6
BYLAYER
 62
  256
 10
314.7524207261216
 20
1.505252408257634
 30
0
  0
VERTEX
  5
80E
  8
1
  6
BYLAYER
 62
  256
 10
311.0954365595209
 20
1.324720335872507
 30
0
  0
VERTEX
  5
80F
  8
1
  6
BYLAYER
 62
  256
 10
307.4855052845137
 20
1.255849405318859
 30
0
  0
VERTEX
  5
810
  8
1
  6
BYLAYER
 62
  256
 10
303.9216524027242
 20
1.300343951450308
 30
0
  0
VERTEX
  5
811
  8
1
  6
BYLAYER
 62
  256
 10
300.4030752918767
 20
1.459903348256371
 30
0
  0
VERTEX
  5
812
  8
1
  6
BYLAYER
 62
  256
 10
296.9291540955816
 20
1.73619501969895
 30
0
  0
VERTEX
  5
813
  8
1
  6
BYLAYER
 62
  256
 10
293.4994564062062
 20
2.130823698226991
 30
0
  0
VERTEX
  5
814
  8
1
  6
BYLAYER
 62
  256
 10
290.1137341040485
 20
2.645298261735072
 30
0
  0
VERTEX
  5
815
  8
1
  6
BYLAYER
 62
  256
 10
286.7719110660118
 20
3.280998041172249
 30
0
  0
VERTEX
  5
816
  8
1
  6
BYLAYER
 62
  256
 10
283.4740610584423
 20
4.039140957179186
 30
0
  0
VERTEX
  5
817
  8
1
  6
BYLAYER
 62
  256
 10
280.2203759526126
 20
4.920756111989577
 30
0
  0
VERTEX
  5
818
  8
1
  6
BYLAYER
 62
  256
 10
277.0111253664717
 20
5.926663440094309
 30
0
  0
VERTEX
  5
819
  8
1
  6
BYLAYER
 62
  256
 10
273.8466098129397
 20
7.05746265249968
 30
0
  0
VERTEX
  5
81A
  8
1
  6
BYLAYER
 62
  256
 10
270.7271102660497
 20
8.313532998971157
 30
0
  0
VERTEX
  5
81B
  8
1
  6
BYLAYER
 62
  256
 10
267.652837589133
 20
9.695044394947221
 30
0
  0
VERTEX
  5
81C
  8
1
  6
BYLAYER
 62
  256
 10
264.6238853942231
 20
11.20197935190932
 30
0
  0
VERTEX
  5
81D
  8
1
  6
BYLAYER
 62
  256
 10
261.6401895819205
 20
12.834164084891
 30
0
  0
VERTEX
  5
81E
  8
1
  6
BYLAYER
 62
  256
 10
258.7014970941275
 20
14.59130631841798
 30
0
  0
VERTEX
  5
81F
  8
1
  6
BYLAYER
 62
  256
 10
255.8073454213705
 20
16.47303679959001
 30
0
  0
VERTEX
  5
820
  8
1
  6
BYLAYER
 62
  256
 10
252.9570533087639
 20
18.47895141135553
 30
0
  0
VERTEX
  5
821
  8
1
  6
BYLAYER
 62
  256
 10
250.1497220714637
 20
20.60865103959286
 30
0
  0
VERTEX
  5
822
  8
1
  6
BYLAYER
 62
  256
 10
247.3842461001007
 20
22.86177689947081
 30
0
  0
VERTEX
  5
823
  8
1
  6
BYLAYER
 62
  256
 10
244.6593305914451
 20
25.23803974750483
 30
0
  0
VERTEX
  5
824
  8
1
  6
BYLAYER
 62
  256
 10
241.9735142991933
 20
27.73724216782755
 30
0
  0
VERTEX
  5
825
  8
1
  6
BYLAYER
 62
  256
 10
239.3251951313866
 20
30.35929381687383
 30
0
  0
VERTEX
  5
826
  8
1
  6
BYLAYER
 62
  256
 10
236.7126566579767
 20
33.10422006776469
 30
0
  0
VERTEX
  5
827
  8
1
  6
BYLAYER
 62
  256
 10
234.1238296728086
 20
35.98358108384082
 30
0
  0
VERTEX
  5
828
  8
1
  6
BYLAYER
 62
  256
 10
230.3148001687832
 20
40.4978598299612
 30
0
  0
VERTEX
  5
829
  8
1
  6
BYLAYER
 62
  256
 10
225.3479791547199
 20
46.96389909356031
 30
0
  0
VERTEX
  5
82A
  8
1
  6
BYLAYER
 62
  256
 10
220.4731404364903
 20
53.9422498814734
 30
0
  0
VERTEX
  5
82B
  8
1
  6
BYLAYER
 62
  256
 10
215.6842297076012
 20
61.4264821634465
 30
0
  0
VERTEX
  5
82C
  8
1
  6
BYLAYER
 62
  256
 10
210.9661808636979
 20
69.42326817962939
 30
0
  0
VERTEX
  5
82D
  8
1
  6
BYLAYER
 62
  256
 10
206.3043850715487
 20
77.9399173020611
 30
0
  0
VERTEX
  5
82E
  8
1
  6
BYLAYER
 62
  256
 10
201.6847224572164
 20
86.9841466093909
 30
0
  0
VERTEX
  5
82F
  8
1
  6
BYLAYER
 62
  256
 10
197.0988875652979
 20
96.55276020751185
 30
0
  0
VERTEX
  5
830
  8
1
  6
BYLAYER
 62
  256
 10
194.7991661436625
 20
101.5929652231065
 30
0
  0
VERTEX
  5
831
  8
1
  6
BYLAYER
 62
  256
 10
193.4110806966332
 20
104.7196023987988
 30
0
  0
VERTEX
  5
832
  8
1
  6
BYLAYER
 62
  256
 10
190.9020578552866
 20
110.913964918503
 30
0
  0
VERTEX
  5
833
  8
1
  6
BYLAYER
 62
  256
 10
188.6676296307309
 20
117.106591644257
 30
0
  0
VERTEX
  5
834
  8
1
  6
BYLAYER
 62
  256
 10
186.6991190700503
 20
123.2714173465366
 30
0
  0
VERTEX
  5
835
  8
1
  6
BYLAYER
 62
  256
 10
184.9787451494048
 20
129.404309878858
 30
0
  0
VERTEX
  5
836
  8
1
  6
BYLAYER
 62
  256
 10
183.488493590955
 20
135.5013333124279
 30
0
  0
VERTEX
  5
837
  8
1
  6
BYLAYER
 62
  256
 10
182.2101716281724
 20
141.5587778665746
 30
0
  0
VERTEX
  5
838
  8
1
  6
BYLAYER
 62
  256
 10
181.1254655386968
 20
147.5731718937229
 30
0
  0
VERTEX
  5
839
  8
1
  6
BYLAYER
 62
  256
 10
180.2159965832632
 20
153.5412776970372
 30
0
  0
VERTEX
  5
83A
  8
1
  6
BYLAYER
 62
  256
 10
179.4633721416656
 20
159.4600741062503
 30
0
  0
VERTEX
  5
83B
  8
1
  6
BYLAYER
 62
  256
 10
178.849230130172
 20
165.3267292862135
 30
0
  0
VERTEX
  5
83C
  8
1
  6
BYLAYER
 62
  256
 10
178.3545149536895
 20
171.1475217108511
 30
0
  0
VERTEX
  5
83D
  8
1
  6
BYLAYER
 62
  256
 10
177.7904490678261
 20
179.7545132887962
 30
0
  0
VERTEX
  5
83E
  8
1
  6
BYLAYER
 62
  256
 10
177.3065351629043
 20
191.0139545789012
 30
0
  0
VERTEX
  5
83F
  8
1
  6
BYLAYER
 62
  256
 10
176.8395311820573
 20
207.4118169651883
 30
0
  0
VERTEX
  5
840
  8
1
  6
BYLAYER
 62
  256
 10
176.2447777703362
 20
223.161682464632
 30
0
  0
VERTEX
  5
841
  8
1
  6
BYLAYER
 62
  256
 10
175.7576355128408
 20
230.7514858527096
 30
0
  0
VERTEX
  5
842
  8
1
  6
BYLAYER
 62
  256
 10
175.3343080501397
 20
235.7018289294503
 30
0
  0
VERTEX
  5
843
  8
1
  6
BYLAYER
 62
  256
 10
174.8082558893203
 20
240.5744496039216
 30
0
  0
VERTEX
  5
844
  8
1
  6
BYLAYER
 62
  256
 10
174.1651043001443
 20
245.3575583742837
 30
0
  0
VERTEX
  5
845
  8
1
  6
BYLAYER
 62
  256
 10
173.3899816031288
 20
250.0493556363628
 30
0
  0
VERTEX
  5
846
  8
1
  6
BYLAYER
 62
  256
 10
172.468294614259
 20
254.6485457365809
 30
0
  0
VERTEX
  5
847
  8
1
  6
BYLAYER
 62
  256
 10
171.3856369896637
 20
259.1544886667133
 30
0
  0
VERTEX
  5
848
  8
1
  6
BYLAYER
 62
  256
 10
170.1276445369766
 20
263.567343425821
 30
0
  0
VERTEX
  5
849
  8
1
  6
BYLAYER
 62
  256
 10
168.6797943926681
 20
267.8881773803036
 30
0
  0
VERTEX
  5
84A
  8
1
  6
BYLAYER
 62
  256
 10
167.0157774145786
 20
272.1481400528615
 30
0
  0
VERTEX
  5
84B
  8
1
  6
BYLAYER
 62
  256
 10
163.3546623279657
 20
280.4442786631402
 30
0
  0
VERTEX
  5
84C
  8
1
  6
BYLAYER
 62
  256
 10
175.1759751048183
 20
286.158766305081
 30
0
  0
VERTEX
  5
84D
  8
1
  6
BYLAYER
 62
  256
 10
181.8023006166938
 20
289.5795320365793
 30
0
  0
VERTEX
  5
84E
  8
1
  6
BYLAYER
 62
  256
 10
188.4545059264413
 20
293.2456605438879
 30
0
  0
VERTEX
  5
84F
  8
1
  6
BYLAYER
 62
  256
 10
195.0860915992401
 20
297.1496471233129
 30
0
  0
VERTEX
  5
850
  8
1
  6
BYLAYER
 62
  256
 10
201.6507053005511
 20
301.2837051097835
 30
0
  0
VERTEX
  5
851
  8
1
  6
BYLAYER
 62
  256
 10
208.1021256252529
 20
305.6396965998368
 30
0
  0
VERTEX
  5
852
  8
1
  6
BYLAYER
 62
  256
 10
214.3942769311861
 20
310.2090540777152
 30
0
  0
VERTEX
  5
853
  8
1
  6
BYLAYER
 62
  256
 10
220.4812800194124
 20
314.9826945158085
 30
0
  0
VERTEX
  5
854
  8
1
  6
BYLAYER
 62
  256
 10
226.3175480379443
 20
319.9509310048465
 30
0
  0
VERTEX
  5
855
  8
1
  6
BYLAYER
 62
  256
 10
231.8687274456735
 20
325.113424076016
 30
0
  0
VERTEX
  5
856
  8
1
  6
BYLAYER
 62
  256
 10
235.7945295525209
 20
329.1003067093974
 30
0
  0
VERTEX
  5
857
  8
1
  6
BYLAYER
 62
  256
 10
238.2914843395612
 20
331.7936121365551
 30
0
  0
VERTEX
  5
858
  8
1
  6
BYLAYER
 62
  256
 10
240.699821810861
 20
334.5372937623155
 30
0
  0
VERTEX
  5
859
  8
1
  6
BYLAYER
 62
  256
 10
243.0042700353885
 20
337.3190006662223
 30
0
  0
VERTEX
  5
85A
  8
1
  6
BYLAYER
 62
  256
 10
245.1996799115939
 20
340.1371571106534
 30
0
  0
VERTEX
  5
85B
  8
1
  6
BYLAYER
 62
  256
 10
247.281031518907
 20
342.9901797665843
 30
0
  0
VERTEX
  5
85C
  8
1
  6
BYLAYER
 62
  256
 10
249.2434514369195
 20
345.8764984378386
 30
0
  0
VERTEX
  5
85D
  8
1
  6
BYLAYER
 62
  256
 10
251.0822291058671
 20
348.79458314014
 30
0
  0
VERTEX
  5
85E
  8
1
  6
BYLAYER
 62
  256
 10
252.7928306619192
 20
351.7429782233951
 30
0
  0
VERTEX
  5
85F
  8
1
  6
BYLAYER
 62
  256
 10
254.3821173969539
 20
354.7414922986443
 30
0
  0
VERTEX
  5
860
  8
1
  6
BYLAYER
 62
  256
 10
255.1215964636926
 20
356.2565810974923
 30
0
  0
VERTEX
  5
861
  8
1
  6
BYLAYER
 62
  256
 10
256.2279553884864
 20
358.5392402967879
 30
0
  0
VERTEX
  5
862
  8
1
  6
BYLAYER
 62
  256
 10
258.5563122017164
 20
363.1056487174943
 30
0
  0
VERTEX
  5
863
  8
1
  6
BYLAYER
 62
  256
 10
261.0092906459812
 20
367.6460411203917
 30
0
  0
VERTEX
  5
864
  8
1
  6
BYLAYER
 62
  256
 10
263.5773565644816
 20
372.1450322848128
 30
0
  0
VERTEX
  5
865
  8
1
  6
BYLAYER
 62
  256
 10
266.2575044870533
 20
376.599985080636
 30
0
  0
VERTEX
  5
866
  8
1
  6
BYLAYER
 62
  256
 10
269.0467529716059
 20
381.0082557394814
 30
0
  0
VERTEX
  5
867
  8
1
  6
BYLAYER
 62
  256
 10
271.9421428256246
 20
385.3671927152521
 30
0
  0
VERTEX
  5
868
  8
1
  6
BYLAYER
 62
  256
 10
274.940735474638
 20
389.6741357985125
 30
0
  0
VERTEX
  5
869
  8
1
  6
BYLAYER
 62
  256
 10
278.0396114829248
 20
393.9264154359941
 30
0
  0
VERTEX
  5
86A
  8
1
  6
BYLAYER
 62
  256
 10
281.2358692267661
 20
398.1213522120011
 30
0
  0
VERTEX
  5
86B
  8
1
  6
BYLAYER
 62
  256
 10
284.5266237168697
 20
402.256256453653
 30
0
  0
VERTEX
  5
86C
  8
1
  6
BYLAYER
 62
  256
 10
287.9090055638385
 20
406.3284279265047
 30
0
  0
VERTEX
  5
86D
  8
1
  6
BYLAYER
 62
  256
 10
291.3801600786121
 20
410.335155591246
 30
0
  0
VERTEX
  5
86E
  8
1
  6
BYLAYER
 62
  256
 10
294.937246498341
 20
414.2737173957175
 30
0
  0
VERTEX
  5
86F
  8
1
  6
BYLAYER
 62
  256
 10
298.5774373271048
 20
418.1413800795432
 30
0
  0
VERTEX
  5
870
  8
1
  6
BYLAYER
 62
  256
 10
302.2979177800803
 20
421.9353989712546
 30
0
  0
VERTEX
  5
871
  8
1
  6
BYLAYER
 62
  256
 10
306.0958853190135
 20
425.6530177598703
 30
0
  0
VERTEX
  5
872
  8
1
  6
BYLAYER
 62
  256
 10
309.9685492661923
 20
429.2914682246487
 30
0
  0
VERTEX
  5
873
  8
1
  6
BYLAYER
 62
  256
 10
313.9131304833089
 20
432.8479699081154
 30
0
  0
VERTEX
  5
874
  8
1
  6
BYLAYER
 62
  256
 10
317.9268611006693
 20
436.319729718581
 30
0
  0
VERTEX
  5
875
  8
1
  6
BYLAYER
 62
  256
 10
322.0069842810562
 20
439.7039414493156
 30
0
  0
VERTEX
  5
876
  8
1
  6
BYLAYER
 62
  256
 10
326.1507540010859
 20
442.9977852023229
 30
0
  0
VERTEX
  5
877
  8
1
  6
BYLAYER
 62
  256
 10
330.3554348311013
 20
446.1984267054293
 30
0
  0
VERTEX
  5
878
  8
1
  6
BYLAYER
 62
  256
 10
334.6183016924413
 20
449.3030165122032
 30
0
  0
VERTEX
  5
879
  8
1
  6
BYLAYER
 62
  256
 10
338.9366395682659
 20
452.3086890751978
 30
0
  0
VERTEX
  5
87A
  8
1
  6
BYLAYER
 62
  256
 10
343.3077431409985
 20
455.2125616842754
 30
0
  0
VERTEX
  5
87B
  8
1
  6
BYLAYER
 62
  256
 10
347.7289163257782
 20
458.0117332634604
 30
0
  0
VERTEX
  5
87C
  8
1
  6
BYLAYER
 62
  256
 10
352.1974716651784
 20
460.7032830220957
 30
0
  0
VERTEX
  5
87D
  8
1
  6
BYLAYER
 62
  256
 10
356.7107295458088
 20
463.2842689592096
 30
0
  0
VERTEX
  5
87E
  8
1
  6
BYLAYER
 62
  256
 10
361.2660171923601
 20
465.7517262241936
 30
0
  0
VERTEX
  5
87F
  8
1
  6
BYLAYER
 62
  256
 10
372.4479839412593
 20
471.4731896483315
 30
0
  0
SEQEND
  5
880
  8
1
  6
BYLAYER
 62
  256
  0
POLYLINE
  5
881
  8
8
  6
BYLAYER
 62
  256
 66
    1
 10
0
 20
0
 30
0
 70
    1
  0
VERTEX
  5
882
  8
8
  6
BYLAYER
 62
  256
 10
368.2930081113885
 20
456.5180090401818
 30
0
  0
VERTEX
  5
883
  8
8
  6
BYLAYER
 62
  256
 10
371.9218465557724
 20
449.0380401514257
 30
0
  0
VERTEX
  5
884
  8
8
  6
BYLAYER
 62
  256
 10
375.4946693488168
 20
442.1570706939413
 30
0
  0
VERTEX
  5
885
  8
8
  6
BYLAYER
 62
  256
 10
379.0200942830356
 20
435.7829469090711
 30
0
  0
VERTEX
  5
886
  8
8
  6
BYLAYER
 62
  256
 10
382.5067391509425
 20
429.8235150381584
 30
0
  0
VERTEX
  5
887
  8
8
  6
BYLAYER
 62
  256
 10
385.9632217450512
 20
424.1866213225454
 30
0
  0
VERTEX
  5
888
  8
8
  6
BYLAYER
 62
  256
 10
391.1113200180308
 20
416.1229342234193
 30
0
  0
VERTEX
  5
889
  8
8
  6
BYLAYER
 62
  256
 10
397.9467250736245
 20
405.6785306201082
 30
0
  0
VERTEX
  5
88A
  8
8
  6
BYLAYER
 62
  256
 10
403.0948233466041
 20
397.6148435209819
 30
0
  0
VERTEX
  5
88B
  8
8
  6
BYLAYER
 62
  256
 10
406.5513059407128
 20
391.9779498053692
 30
0
  0
VERTEX
  5
88C
  8
8
  6
BYLAYER
 62
  256
 10
410.0379508086197
 20
386.0185179344564
 30
0
  0
VERTEX
  5
88D
  8
8
  6
BYLAYER
 62
  256
 10
413.5633757428384
 20
379.6443941495863
 30
0
  0
VERTEX
  5
88E
  8
8
  6
BYLAYER
 62
  256
 10
417.1361985358829
 20
372.7634246921019
 30
0
  0
VERTEX
  5
88F
  8
8
  6
BYLAYER
 62
  256
 10
420.7650369802667
 20
365.2834558033458
 30
0
  0
VERTEX
  5
890
  8
8
  6
BYLAYER
 62
  256
 10
422.606027729376
 20
361.2593306031081
 30
0
  0
VERTEX
  5
891
  8
8
  6
BYLAYER
 62
  256
 10
421.489603795016
 20
360.3554938610161
 30
0
  0
VERTEX
  5
892
  8
8
  6
BYLAYER
 62
  256
 10
419.3701293280459
 20
358.4536231591799
 30
0
  0
VERTEX
  5
893
  8
8
  6
BYLAYER
 62
  256
 10
417.3853329290789
 20
356.4404652079805
 30
0
  0
VERTEX
  5
894
  8
8
  6
BYLAYER
 62
  256
 10
415.5336923602284
 20
354.3179637983285
 30
0
  0
VERTEX
  5
895
  8
8
  6
BYLAYER
 62
  256
 10
413.813685383609
 20
352.0880627211343
 30
0
  0
VERTEX
  5
896
  8
8
  6
BYLAYER
 62
  256
 10
412.2237897613343
 20
349.7527057673082
 30
0
  0
VERTEX
  5
897
  8
8
  6
BYLAYER
 62
  256
 10
410.7624832555187
 20
347.3138367277606
 30
0
  0
VERTEX
  5
898
  8
8
  6
BYLAYER
 62
  256
 10
409.4282436282759
 20
344.7733993934021
 30
0
  0
VERTEX
  5
899
  8
8
  6
BYLAYER
 62
  256
 10
408.2195486417202
 20
342.1333375551429
 30
0
  0
VERTEX
  5
89A
  8
8
  6
BYLAYER
 62
  256
 10
407.1348760579654
 20
339.3955950038937
 30
0
  0
VERTEX
  5
89B
  8
8
  6
BYLAYER
 62
  256
 10
406.1727036391256
 20
336.5621155305645
 30
0
  0
VERTEX
  5
89C
  8
8
  6
BYLAYER
 62
  256
 10
405.3315091473149
 20
333.6348429260662
 30
0
  0
VERTEX
  5
89D
  8
8
  6
BYLAYER
 62
  256
 10
404.6097703446472
 20
330.615720981309
 30
0
  0
VERTEX
  5
89E
  8
8
  6
BYLAYER
 62
  256
 10
404.0059649932366
 20
327.5066934872031
 30
0
  0
VERTEX
  5
89F
  8
8
  6
BYLAYER
 62
  256
 10
403.5185708551971
 20
324.309704234659
 30
0
  0
VERTEX
  5
8A0
  8
8
  6
BYLAYER
 62
  256
 10
403.1460656926428
 20
321.0266970145875
 30
0
  0
VERTEX
  5
8A1
  8
8
  6
BYLAYER
 62
  256
 10
402.8869272676877
 20
317.6596156178987
 30
0
  0
VERTEX
  5
8A2
  8
8
  6
BYLAYER
 62
  256
 10
402.7396333424456
 20
314.210403835503
 30
0
  0
VERTEX
  5
8A3
  8
8
  6
BYLAYER
 62
  256
 10
402.7026616790308
 20
310.6810054583109
 30
0
  0
VERTEX
  5
8A4
  8
8
  6
BYLAYER
 62
  256
 10
402.7744900395573
 20
307.0733642772329
 30
0
  0
VERTEX
  5
8A5
  8
8
  6
BYLAYER
 62
  256
 10
403.069778426208
 20
301.5286222067722
 30
0
  0
VERTEX
  5
8A6
  8
8
  6
BYLAYER
 62
  256
 10
403.8479684362766
 20
293.8672085122248
 30
0
  0
VERTEX
  5
8A7
  8
8
  6
BYLAYER
 62
  256
 10
405.0339582601625
 20
285.9278118385211
 30
0
  0
VERTEX
  5
8A8
  8
8
  6
BYLAYER
 62
  256
 10
406.6155699947781
 20
277.725982512944
 30
0
  0
VERTEX
  5
8A9
  8
8
  6
BYLAYER
 62
  256
 10
408.5806257370356
 20
269.2772708627772
 30
0
  0
VERTEX
  5
8AA
  8
8
  6
BYLAYER
 62
  256
 10
410.9169475838469
 20
260.5972272153039
 30
0
  0
VERTEX
  5
8AB
  8
8
  6
BYLAYER
 62
  256
 10
413.6123576321244
 20
251.7014018978074
 30
0
  0
VERTEX
  5
8AC
  8
8
  6
BYLAYER
 62
  256
 10
416.6546779787803
 20
242.605345237571
 30
0
  0
VERTEX
  5
8AD
  8
8
  6
BYLAYER
 62
  256
 10
420.0317307207268
 20
233.324607561878
 30
0
  0
VERTEX
  5
8AE
  8
8
  6
BYLAYER
 62
  256
 10
423.7313379548763
 20
223.874739198012
 30
0
  0
VERTEX
  5
8AF
  8
8
  6
BYLAYER
 62
  256
 10
427.7413217781404
 20
214.2712904732562
 30
0
  0
VERTEX
  5
8B0
  8
8
  6
BYLAYER
 62
  256
 10
432.0495042874319
 20
204.5298117148936
 30
0
  0
VERTEX
  5
8B1
  8
8
  6
BYLAYER
 62
  256
 10
436.6437075796628
 20
194.6658532502081
 30
0
  0
VERTEX
  5
8B2
  8
8
  6
BYLAYER
 62
  256
 10
441.5117537517452
 20
184.6949654064827
 30
0
  0
VERTEX
  5
8B3
  8
8
  6
BYLAYER
 62
  256
 10
446.6414649005915
 20
174.6326985110009
 30
0
  0
VERTEX
  5
8B4
  8
8
  6
BYLAYER
 62
  256
 10
452.0206631231136
 20
164.4946028910457
 30
0
  0
VERTEX
  5
8B5
  8
8
  6
BYLAYER
 62
  256
 10
457.6371705162239
 20
154.296228873901
 30
0
  0
VERTEX
  5
8B6
  8
8
  6
BYLAYER
 62
  256
 10
463.4788091768346
 20
144.0531267868498
 30
0
  0
VERTEX
  5
8B7
  8
8
  6
BYLAYER
 62
  256
 10
469.5334012018579
 20
133.7808469571752
 30
0
  0
VERTEX
  5
8B8
  8
8
  6
BYLAYER
 62
  256
 10
475.7887686882059
 20
123.4949397121608
 30
0
  0
VERTEX
  5
8B9
  8
8
  6
BYLAYER
 62
  256
 10
482.2327337327911
 20
113.2109553790901
 30
0
  0
VERTEX
  5
8BA
  8
8
  6
BYLAYER
 62
  256
 10
488.8531184325253
 20
102.9444442852461
 30
0
  0
VERTEX
  5
8BB
  8
8
  6
BYLAYER
 62
  256
 10
492.2322522583798
 20
97.82430062739989
 30
0
  0
VERTEX
  5
8BC
  8
8
  6
BYLAYER
 62
  256
 10
487.2864418031796
 20
93.39312575962387
 30
0
  0
VERTEX
  5
8BD
  8
8
  6
BYLAYER
 62
  256
 10
477.1770896879765
 20
84.58984675539551
 30
0
  0
VERTEX
  5
8BE
  8
8
  6
BYLAYER
 62
  256
 10
466.8019945192827
 20
75.95139433655368
 30
0
  0
VERTEX
  5
8BF
  8
8
  6
BYLAYER
 62
  256
 10
458.8347186211863
 20
69.65437246181202
 30
0
  0
VERTEX
  5
8C0
  8
8
  6
BYLAYER
 62
  256
 10
453.4432120720052
 20
65.55662213705435
 30
0
  0
VERTEX
  5
8C1
  8
8
  6
BYLAYER
 62
  256
 10
447.9824787546218
 20
61.55879202601779
 30
0
  0
VERTEX
  5
8C2
  8
8
  6
BYLAYER
 62
  256
 10
442.4518984457407
 20
57.67392958811803
 30
0
  0
VERTEX
  5
8C3
  8
8
  6
BYLAYER
 62
  256
 10
436.8508509220661
 20
53.91508228277197
 30
0
  0
VERTEX
  5
8C4
  8
8
  6
BYLAYER
 62
  256
 10
431.1787159603027
 20
50.29529756939626
 30
0
  0
VERTEX
  5
8C5
  8
8
  6
BYLAYER
 62
  256
 10
425.4348733371551
 20
46.82762290740685
 30
0
  0
VERTEX
  5
8C6
  8
8
  6
BYLAYER
 62
  256
 10
419.6187028293277
 20
43.52510575622038
 30
0
  0
VERTEX
  5
8C7
  8
8
  6
BYLAYER
 62
  256
 10
413.729584213525
 20
40.40079357525376
 30
0
  0
VERTEX
  5
8C8
  8
8
  6
BYLAYER
 62
  256
 10
407.7668972664515
 20
37.46773382392267
 30
0
  0
VERTEX
  5
8C9
  8
8
  6
BYLAYER
 62
  256
 10
404.7546677378162
 20
36.08578525788688
 30
0
  0
VERTEX
  5
8CA
  8
8
  6
BYLAYER
 62
  256
 10
399.7434330242396
 20
33.83629455742413
 30
0
  0
VERTEX
  5
8CB
  8
8
  6
BYLAYER
 62
  256
 10
390.0067112803603
 20
29.62898814406615
 30
0
  0
VERTEX
  5
8CC
  8
8
  6
BYLAYER
 62
  256
 10
380.6030116917335
 20
25.77780114954559
 30
0
  0
VERTEX
  5
8CD
  8
8
  6
BYLAYER
 62
  256
 10
371.5213619642751
 20
22.28952183359246
 30
0
  0
VERTEX
  5
8CE
  8
8
  6
BYLAYER
 62
  256
 10
362.7507898039004
 20
19.17093845593676
 30
0
  0
VERTEX
  5
8CF
  8
8
  6
BYLAYER
 62
  256
 10
354.2803229165252
 20
16.428839276308
 30
0
  0
VERTEX
  5
8D0
  8
8
  6
BYLAYER
 62
  256
 10
346.0989890080648
 20
14.07001255443594
 30
0
  0
VERTEX
  5
8D1
  8
8
  6
BYLAYER
 62
  256
 10
338.1958157844351
 20
12.10124655005083
 30
0
  0
VERTEX
  5
8D2
  8
8
  6
BYLAYER
 62
  256
 10
330.5598309515514
 20
10.52932952288219
 30
0
  0
VERTEX
  5
8D3
  8
8
  6
BYLAYER
 62
  256
 10
323.1800622153295
 20
9.361049732659534
 30
0
  0
VERTEX
  5
8D4
  8
8
  6
BYLAYER
 62
  256
 10
317.8141836616251
 20
8.766795285840919
 30
0
  0
VERTEX
  5
8D5
  8
8
  6
BYLAYER
 62
  256
 10
314.3061748403063
 20
8.491747311936139
 30
0
  0
VERTEX
  5
8D6
  8
8
  6
BYLAYER
 62
  256
 10
310.8560481277303
 20
8.321427043365921
 30
0
  0
VERTEX
  5
8D7
  8
8
  6
BYLAYER
 62
  256
 10
307.4624319871368
 20
8.256683012596516
 30
0
  0
VERTEX
  5
8D8
  8
8
  6
BYLAYER
 62
  256
 10
304.1239548817651
 20
8.298363752094174
 30
0
  0
VERTEX
  5
8D9
  8
8
  6
BYLAYER
 62
  256
 10
300.8392452748548
 20
8.447317794325144
 30
0
  0
VERTEX
  5
8DA
  8
8
  6
BYLAYER
 62
  256
 10
297.6069316296451
 20
8.704393671755437
 30
0
  0
VERTEX
  5
8DB
  8
8
  6
BYLAYER
 62
  256
 10
294.4256424093757
 20
9.070439916851544
 30
0
  0
VERTEX
  5
8DC
  8
8
  6
BYLAYER
 62
  256
 10
291.2940060772858
 20
9.546305062079474
 30
0
  0
VERTEX
  5
8DD
  8
8
  6
BYLAYER
 62
  256
 10
288.210651096615
 20
10.13283763990572
 30
0
  0
VERTEX
  5
8DE
  8
8
  6
BYLAYER
 62
  256
 10
285.1742059306027
 20
10.83088618279652
 30
0
  0
VERTEX
  5
8DF
  8
8
  6
BYLAYER
 62
  256
 10
282.1832990424884
 20
11.64129922321766
 30
0
  0
VERTEX
  5
8E0
  8
8
  6
BYLAYER
 62
  256
 10
279.2365588955115
 20
12.56492529363586
 30
0
  0
VERTEX
  5
8E1
  8
8
  6
BYLAYER
 62
  256
 10
276.3326139529115
 20
13.6026129265169
 30
0
  0
VERTEX
  5
8E2
  8
8
  6
BYLAYER
 62
  256
 10
273.4700926779277
 20
14.7552106543275
 30
0
  0
VERTEX
  5
8E3
  8
8
  6
BYLAYER
 62
  256
 10
270.6476235337997
 20
16.02356700953343
 30
0
  0
VERTEX
  5
8E4
  8
8
  6
BYLAYER
 62
  256
 10
267.8638349837669
 20
17.40853052460119
 30
0
  0
VERTEX
  5
8E5
  8
8
  6
BYLAYER
 62
  256
 10
265.1173554910688
 20
18.91094973199702
 30
0
  0
VERTEX
  5
8E6
  8
8
  6
BYLAYER
 62
  256
 10
262.4068135189448
 20
20.53167316418694
 30
0
  0
VERTEX
  5
8E7
  8
8
  6
BYLAYER
 62
  256
 10
259.7308375306343
 20
22.27154935363719
 30
0
  0
VERTEX
  5
8E8
  8
8
  6
BYLAYER
 62
  256
 10
257.0880559893768
 20
24.13142683281426
 30
0
  0
VERTEX
  5
8E9
  8
8
  6
BYLAYER
 62
  256
 10
254.4770973584117
 20
26.11215413418417
 30
0
  0
VERTEX
  5
8EA
  8
8
  6
BYLAYER
 62
  256
 10
251.8965901009786
 20
28.2145797902134
 30
0
  0
VERTEX
  5
8EB
  8
8
  6
BYLAYER
 62
  256
 10
249.3451626803167
 20
30.43955233336773
 30
0
  0
VERTEX
  5
8EC
  8
8
  6
BYLAYER
 62
  256
 10
246.8214435596656
 20
32.78792029611388
 30
0
  0
VERTEX
  5
8ED
  8
8
  6
BYLAYER
 62
  256
 10
244.3240612022648
 20
35.26053221091763
 30
0
  0
VERTEX
  5
8EE
  8
8
  6
BYLAYER
 62
  256
 10
241.8516440713536
 20
37.85823661024546
 30
0
  0
VERTEX
  5
8EF
  8
8
  6
BYLAYER
 62
  256
 10
239.4028206301716
 20
40.58188202656338
 30
0
  0
VERTEX
  5
8F0
  8
8
  6
BYLAYER
 62
  256
 10
235.7683027939985
 20
44.8893379291474
 30
0
  0
VERTEX
  5
8F1
  8
8
  6
BYLAYER
 62
  256
 10
230.9957596088825
 20
51.10245725331978
 30
0
  0
VERTEX
  5
8F2
  8
8
  6
BYLAYER
 62
  256
 10
226.2929035209931
 20
57.83461422984505
 30
0
  0
VERTEX
  5
8F3
  8
8
  6
BYLAYER
 62
  256
 10
221.6487622362458
 20
65.0925971184532
 30
0
  0
VERTEX
  5
8F4
  8
8
  6
BYLAYER
 62
  256
 10
217.0523634605562
 20
72.88319417887423
 30
0
  0
VERTEX
  5
8F5
  8
8
  6
BYLAYER
 62
  256
 10
212.4927348998399
 20
81.21319367083767
 30
0
  0
VERTEX
  5
8F6
  8
8
  6
BYLAYER
 62
  256
 10
207.9589042600124
 20
90.08938385407328
 30
0
  0
VERTEX
  5
8F7
  8
8
  6
BYLAYER
 62
  256
 10
203.4398992469894
 20
99.51855298831103
 30
0
  0
VERTEX
  5
8F8
  8
8
  6
BYLAYER
 62
  256
 10
201.182459474698
 20
104.4660910490796
 30
0
  0
VERTEX
  5
8F9
  8
8
  6
BYLAYER
 62
  256
 10
199.8557421446946
 20
107.4544976594227
 30
0
  0
VERTEX
  5
8FA
  8
8
  6
BYLAYER
 62
  256
 10
197.44072263194
 20
113.4167815046083
 30
0
  0
VERTEX
  5
8FB
  8
8
  6
BYLAYER
 62
  256
 10
195.2963153201181
 20
119.3599189409117
 30
0
  0
VERTEX
  5
8FC
  8
8
  6
BYLAYER
 62
  256
 10
193.4053135694843
 20
125.2820086813561
 30
0
  0
VERTEX
  5
8FD
  8
8
  6
BYLAYER
 62
  256
 10
191.750510740294
 20
131.1811494389639
 30
0
  0
VERTEX
  5
8FE
  8
8
  6
BYLAYER
 62
  256
 10
190.3147001928027
 20
137.0554399267577
 30
0
  0
VERTEX
  5
8FF
  8
8
  6
BYLAYER
 62
  256
 10
189.0806752872657
 20
142.9029788577597
 30
0
  0
VERTEX
  5
900
  8
8
  6
BYLAYER
 62
  256
 10
188.0312293839386
 20
148.7218649449925
 30
0
  0
VERTEX
  5
901
  8
8
  6
BYLAYER
 62
  256
 10
187.1491558430765
 20
154.5101969014788
 30
0
  0
VERTEX
  5
902
  8
8
  6
BYLAYER
 62
  256
 10
186.4172480249351
 20
160.2660734402411
 30
0
  0
VERTEX
  5
903
  8
8
  6
BYLAYER
 62
  256
 10
185.8182992897697
 20
165.9875932743016
 30
0
  0
VERTEX
  5
904
  8
8
  6
BYLAYER
 62
  256
 10
185.3351029978357
 20
171.6728551166829
 30
0
  0
VERTEX
  5
905
  8
8
  6
BYLAYER
 62
  256
 10
184.7806128860686
 20
180.1337314817336
 30
0
  0
VERTEX
  5
906
  8
8
  6
BYLAYER
 62
  256
 10
184.302255284654
 20
191.2638917726916
 30
0
  0
VERTEX
  5
907
  8
8
  6
BYLAYER
 62
  256
 10
183.835770193453
 20
207.6435344406057
 30
0
  0
VERTEX
  5
908
  8
8
  6
BYLAYER
 62
  256
 10
183.2363115537221
 20
223.5180006684162
 30
0
  0
VERTEX
  5
909
  8
8
  6
BYLAYER
 62
  256
 10
182.7385060728832
 20
231.27393985649
 30
0
  0
VERTEX
  5
90A
  8
8
  6
BYLAYER
 62
  256
 10
182.3022211996484
 20
236.3758054144768
 30
0
  0
VERTEX
  5
90B
  8
8
  6
BYLAYER
 62
  256
 10
181.7580024529653
 20
241.4166962500768
 30
0
  0
VERTEX
  5
90C
  8
8
  6
BYLAYER
 62
  256
 10
181.0886431930895
 20
246.3947110763129
 30
0
  0
VERTEX
  5
90D
  8
8
  6
BYLAYER
 62
  256
 10
180.2769367802763
 20
251.3079486062073
 30
0
  0
VERTEX
  5
90E
  8
8
  6
BYLAYER
 62
  256
 10
179.3056765747811
 20
256.1545075527824
 30
0
  0
VERTEX
  5
90F
  8
8
  6
BYLAYER
 62
  256
 10
178.1576559368593
 20
260.9324866290609
 30
0
  0
VERTEX
  5
910
  8
8
  6
BYLAYER
 62
  256
 10
176.8156682267663
 20
265.6399845480655
 30
0
  0
VERTEX
  5
911
  8
8
  6
BYLAYER
 62
  256
 10
175.2625068047577
 20
270.2751000228181
 30
0
  0
VERTEX
  5
912
  8
8
  6
BYLAYER
 62
  256
 10
173.4809650310887
 20
274.8359317663417
 30
0
  0
VERTEX
  5
913
  8
8
  6
BYLAYER
 62
  256
 10
172.4885831744915
 20
277.0846831008083
 30
0
  0
VERTEX
  5
914
  8
8
  6
BYLAYER
 62
  256
 10
178.3053091886102
 20
279.8965204619959
 30
0
  0
VERTEX
  5
915
  8
8
  6
BYLAYER
 62
  256
 10
185.0977656731745
 20
283.4030494324559
 30
0
  0
VERTEX
  5
916
  8
8
  6
BYLAYER
 62
  256
 10
191.9201437935455
 20
287.1629626867988
 30
0
  0
VERTEX
  5
917
  8
8
  6
BYLAYER
 62
  256
 10
198.7276091796041
 20
291.1704889133064
 30
0
  0
VERTEX
  5
918
  8
8
  6
BYLAYER
 62
  256
 10
205.4753274612311
 20
295.4198568002612
 30
0
  0
VERTEX
  5
919
  8
8
  6
BYLAYER
 62
  256
 10
212.1184642683071
 20
299.9052950359447
 30
0
  0
VERTEX
  5
91A
  8
8
  6
BYLAYER
 62
  256
 10
218.6121852307131
 20
304.6210323086395
 30
0
  0
VERTEX
  5
91B
  8
8
  6
BYLAYER
 62
  256
 10
224.9116559783297
 20
309.5612973066275
 30
0
  0
VERTEX
  5
91C
  8
8
  6
BYLAYER
 62
  256
 10
230.9720421410378
 20
314.7203187181905
 30
0
  0
VERTEX
  5
91D
  8
8
  6
BYLAYER
 62
  256
 10
236.7485093487181
 20
320.0923252316113
 30
0
  0
VERTEX
  5
91E
  8
8
  6
BYLAYER
 62
  256
 10
240.856242917506
 20
324.2639699508888
 30
0
  0
VERTEX
  5
91F
  8
8
  6
BYLAYER
 62
  256
 10
243.4895050830885
 20
327.1043014292567
 30
0
  0
VERTEX
  5
920
  8
8
  6
BYLAYER
 62
  256
 10
246.0265681767221
 20
329.9946328202475
 30
0
  0
VERTEX
  5
921
  8
8
  6
BYLAYER
 62
  256
 10
248.4618279021416
 20
332.9342427098968
 30
0
  0
VERTEX
  5
922
  8
8
  6
BYLAYER
 62
  256
 10
250.7896799630824
 20
335.9224096842394
 30
0
  0
VERTEX
  5
923
  8
8
  6
BYLAYER
 62
  256
 10
253.0045200632794
 20
338.9584123293109
 30
0
  0
VERTEX
  5
924
  8
8
  6
BYLAYER
 62
  256
 10
255.1007439064679
 20
342.0415292311465
 30
0
  0
VERTEX
  5
925
  8
8
  6
BYLAYER
 62
  256
 10
257.0727471963827
 20
345.1710389757813
 30
0
  0
VERTEX
  5
926
  8
8
  6
BYLAYER
 62
  256
 10
258.9149256367592
 20
348.3462201492508
 30
0
  0
VERTEX
  5
927
  8
8
  6
BYLAYER
 62
  256
 10
260.6216749313323
 20
351.5663513375903
 30
0
  0
VERTEX
  5
928
  8
8
  6
BYLAYER
 62
  256
 10
261.4165191567681
 20
353.1948755743857
 30
0
  0
VERTEX
  5
929
  8
8
  6
BYLAYER
 62
  256
 10
262.4962187155098
 20
355.4225307005885
 30
0
  0
VERTEX
  5
92A
  8
8
  6
BYLAYER
 62
  256
 10
264.7545937987496
 20
359.8516898993083
 30
0
  0
VERTEX
  5
92B
  8
8
  6
BYLAYER
 62
  256
 10
267.1291241749537
 20
364.246877189182
 30
0
  0
VERTEX
  5
92C
  8
8
  6
BYLAYER
 62
  256
 10
269.6169033264076
 20
368.6052140764053
 30
0
  0
VERTEX
  5
92D
  8
8
  6
BYLAYER
 62
  256
 10
272.2150247353966
 20
372.9238220671755
 30
0
  0
VERTEX
  5
92E
  8
8
  6
BYLAYER
 62
  256
 10
274.9205818842061
 20
377.1998226676885
 30
0
  0
VERTEX
  5
92F
  8
8
  6
BYLAYER
 62
  256
 10
277.7306682551217
 20
381.4303373841406
 30
0
  0
VERTEX
  5
930
  8
8
  6
BYLAYER
 62
  256
 10
280.6423773304284
 20
385.6124877227288
 30
0
  0
VERTEX
  5
931
  8
8
  6
BYLAYER
 62
  256
 10
283.6528025924119
 20
389.7433951896491
 30
0
  0
VERTEX
  5
932
  8
8
  6
BYLAYER
 62
  256
 10
286.7590375233575
 20
393.8201812910982
 30
0
  0
VERTEX
  5
933
  8
8
  6
BYLAYER
 62
  256
 10
289.9581756055505
 20
397.8399675332722
 30
0
  0
VERTEX
  5
934
  8
8
  6
BYLAYER
 62
  256
 10
293.2473103212765
 20
401.7998754223677
 30
0
  0
VERTEX
  5
935
  8
8
  6
BYLAYER
 62
  256
 10
296.6235351528206
 20
405.6970264645812
 30
0
  0
VERTEX
  5
936
  8
8
  6
BYLAYER
 62
  256
 10
300.0839435824685
 20
409.5285421661089
 30
0
  0
VERTEX
  5
937
  8
8
  6
BYLAYER
 62
  256
 10
303.6256290925053
 20
413.2915440331476
 30
0
  0
VERTEX
  5
938
  8
8
  6
BYLAYER
 62
  256
 10
307.2456851652166
 20
416.9831535718932
 30
0
  0
VERTEX
  5
939
  8
8
  6
BYLAYER
 62
  256
 10
310.9412052828876
 20
420.6004922885427
 30
0
  0
VERTEX
  5
93A
  8
8
  6
BYLAYER
 62
  256
 10
314.7092829278038
 20
424.1406816892921
 30
0
  0
VERTEX
  5
93B
  8
8
  6
BYLAYER
 62
  256
 10
318.5470115822506
 20
427.6008432803383
 30
0
  0
VERTEX
  5
93C
  8
8
  6
BYLAYER
 62
  256
 10
322.4514847285134
 20
430.9780985678773
 30
0
  0
VERTEX
  5
93D
  8
8
  6
BYLAYER
 62
  256
 10
326.4197958488775
 20
434.2695690581054
 30
0
  0
VERTEX
  5
93E
  8
8
  6
BYLAYER
 62
  256
 10
330.4490384256284
 20
437.4723762572197
 30
0
  0
VERTEX
  5
93F
  8
8
  6
BYLAYER
 62
  256
 10
334.5363059410513
 20
440.583641671416
 30
0
  0
VERTEX
  5
940
  8
8
  6
BYLAYER
 62
  256
 10
338.6786918774318
 20
443.6004868068908
 30
0
  0
VERTEX
  5
941
  8
8
  6
BYLAYER
 62
  256
 10
342.8732897170552
 20
446.5200331698409
 30
0
  0
VERTEX
  5
942
  8
8
  6
BYLAYER
 62
  256
 10
347.1171929422069
 20
449.3394022664624
 30
0
  0
VERTEX
  5
943
  8
8
  6
BYLAYER
 62
  256
 10
351.4074950351722
 20
452.0557156029517
 30
0
  0
VERTEX
  5
944
  8
8
  6
BYLAYER
 62
  256
 10
355.7412894782366
 20
454.6660946855056
 30
0
  0
VERTEX
  5
945
  8
8
  6
BYLAYER
 62
  256
 10
360.1156697536854
 20
457.1676610203201
 30
0
  0
VERTEX
  5
946
  8
8
  6
BYLAYER
 62
  256
 10
364.5277293438042
 20
459.557536113592
 30
0
  0
VERTEX
  5
947
  8
8
  6
BYLAYER
 62
  256
 10
366.4520173622793
 20
460.5421342404192
 30
0
  0
SEQEND
  5
948
  8
8
  6
BYLAYER
 62
  256
  0
LINE
  5
949
  8
7
  6
BYLAYER
 62
  256
 10
399.8505877621176
 20
46.93515338024556
 11
266.3205991324667
 21
342.345507452027
  0
TEXT
  5
94A
  8
1
  6
BYLAYER
 62
  256
 10
309.2882752151014
 20
133.396216159308
 30
0
 40
2.5
  1
Piece Name: Shaped Hood
 50
0
 41
1
 51
0
  7
STANDARD
 71
    0
210
0
220
0
230
1
  0
TEXT
  5
94B
  8
1
  6
BYLAYER
 62
  256
 10
309.2882752151014
 20
130.8962161593081
 30
0
 40
2.5
  1
File Name: GBlock-201-Sweatshirt-Parametric-Scalable-V2-Hood-SG-EXTRA
 50
0
 41
1
 51
0
  7
STANDARD
 71
    0
210
0
220
0
230
1
  0
TEXT
  5
94C
  8
1
  6
BYLAYER
 62
  256
 10
309.2882752151014
 20
128.396216159308
 30
0
 40
2.5
  1
Measurement Name: SG-EXTRA
 50
0
 41
1
 51
0
  7
STANDARD
 71
    0
210
0
220
0
230
1
  0
TEXT
  5
94D
  8
1
  6
BYLAYER
 62
  256
 10
309.2882752151014
 20
125.896216159308
 30
0
 40
2.5
  1
Date: 10-30-2025
 50
0
 41
1
 51
0
  7
STANDARD
 71
    0
210
0
220
0
230
1
  0
ENDBLK
  8
0
  0
ENDSEC
  0
SECTION
  2
ENTITIES
  0
INSERT
  5
94E
  8
1
  6
BYLAYER
 62
  256
  2
RAGLAN_BK
 10
0
 20
0
 30
0
 41
1
 42
1
 43
1
 50
0
 70
    1
 71
    1
 44
0
 45
0
  0
INSERT
  5
94F
  8
1
  6
BYLAYER
 62
  256
  2
RAGLAN_FR_CF_ZIP
 10
0
 20
0
 30
0
 41
1
 42
1
 43
1
 50
0
 70
    1
 71
    1
 44
0
 45
0
  0
INSERT
  5
950
  8
1
  6
BYLAYER
 62
  256
  2
SLEEVE
 10
0
 20
0
 30
0
 41
1
 42
1
 43
1
 50
0
 70
    1
 71
    1
 44
0
 45
0
  0
INSERT
  5
951
  8
1
  6
BYLAYER
 62
  256
  2
PKT_BAG
 10
0
 20
0
 30
0
 41
1
 42
1
 43
1
 50
0
 70
    1
 71
    1
 44
0
 45
0
  0
INSERT
  5
952
  8
1
  6
BYLAYER
 62
  256
  2
FR_FACING
 10
0
 20
0
 30
0
 41
1
 42
1
 43
1
 50
0
 70
    1
 71
    1
 44
0
 45
0
  0
INSERT
  5
953
  8
1
  6
BYLAYER
 62
  256
  2
RAGLAN_UPPER_FINAL_2
 10
0
 20
0
 30
0
 41
1
 42
1
 43
1
 50
0
 70
    1
 71
    1
 44
0
 45
0
  0
INSERT
  5
954
  8
1
  6
BYLAYER
 62
  256
  2
SHAPED_HOOD
 10
0
 20
0
 30
0
 41
1
 42
1
 43
1
 50
0
 70
    1
 71
    1
 44
0
 45
0
  0
ENDSEC
  0
EOF
